dataset,subset,item_id,condition,stim_uid,sentence_orig,sentence_norm,model_input,context,sentence_id,plausibility,is_grammatical,contrast,intended_uids,n_intended,critical_word_idx,comprehension_q,correct_answer,meta
huang2024,,1,NPS_AMB,huang2024//1/NPS_AMB,The suspect showed the file deserved further investigation during the murder trial.,the suspect showed the file deserved further investigation during the murder trial .,The suspect showed the file deserved further investigation during the murder trial.,,0,,,disambiguator,huang2024//1/NPS_UAMB,1,5,,,"{""ambiguity"": ""ambiguous"", ""construction"": ""NPS"", ""disamb_position_amb"": ""6"", ""disamb_position_unamb"": ""7"", ""disamb_word"": ""deserved""}"
huang2024,,1,NPZ_AMB,huang2024//1/NPZ_AMB,Because the suspect changed the file deserved further investigation during the jury discussions.,because the suspect changed the file deserved further investigation during the jury discussions .,Because the suspect changed the file deserved further investigation during the jury discussions.,,1,,,disambiguator,huang2024//1/NPZ_UAMB,1,6,,,"{""ambiguity"": ""ambiguous"", ""construction"": ""NPZ"", ""disamb_position_amb"": ""7"", ""disamb_position_unamb"": ""7"", ""disamb_word"": ""deserved""}"
huang2024,,1,MVRR_AMB,huang2024//1/MVRR_AMB,The suspect sent the file deserved further investigation given the new evidence.,the suspect sent the file deserved further investigation given the new evidence .,The suspect sent the file deserved further investigation given the new evidence.,,2,,,disambiguator,huang2024//1/MVRR_UAMB,1,5,,,"{""ambiguity"": ""ambiguous"", ""construction"": ""MVRR"", ""disamb_position_amb"": ""6"", ""disamb_position_unamb"": ""8"", ""disamb_word"": ""deserved""}"
huang2024,,2,NPS_AMB,huang2024//2/NPS_AMB,The corrupt politician mentioned the bill received unwelcome attention from southern voters.,the corrupt politician mentioned the bill received unwelcome attention from southern voters .,The corrupt politician mentioned the bill received unwelcome attention from southern voters.,,3,,,disambiguator,huang2024//2/NPS_UAMB,1,6,,,"{""ambiguity"": ""ambiguous"", ""construction"": ""NPS"", ""disamb_position_amb"": ""7"", ""disamb_position_unamb"": ""8"", ""disamb_word"": ""received""}"
huang2024,,2,NPZ_AMB,huang2024//2/NPZ_AMB,After the corrupt politician signed the bill received unwelcome attention from southern voters.,after the corrupt politician signed the bill received unwelcome attention from southern voters .,After the corrupt politician signed the bill received unwelcome attention from southern voters.,,4,,,disambiguator,huang2024//2/NPZ_UAMB,1,7,,,"{""ambiguity"": ""ambiguous"", ""construction"": ""NPZ"", ""disamb_position_amb"": ""8"", ""disamb_position_unamb"": ""8"", ""disamb_word"": ""received""}"
huang2024,,2,MVRR_AMB,huang2024//2/MVRR_AMB,The corrupt politician handed the bill received unwelcome attention from southern voters.,the corrupt politician handed the bill received unwelcome attention from southern voters .,The corrupt politician handed the bill received unwelcome attention from southern voters.,,5,,,disambiguator,huang2024//2/MVRR_UAMB,1,6,,,"{""ambiguity"": ""ambiguous"", ""construction"": ""MVRR"", ""disamb_position_amb"": ""7"", ""disamb_position_unamb"": ""9"", ""disamb_word"": ""received""}"
huang2024,,3,NPS_AMB,huang2024//3/NPS_AMB,The woman maintained the mail disappeared mysteriously from her front porch.,the woman maintained the mail disappeared mysteriously from her front porch .,The woman maintained the mail disappeared mysteriously from her front porch.,,6,,,disambiguator,huang2024//3/NPS_UAMB,1,5,,,"{""ambiguity"": ""ambiguous"", ""construction"": ""NPS"", ""disamb_position_amb"": ""6"", ""disamb_position_unamb"": ""7"", ""disamb_word"": ""disappeared""}"
huang2024,,3,NPZ_AMB,huang2024//3/NPZ_AMB,After the woman moved the mail disappeared mysteriously from the delivery system.,after the woman moved the mail disappeared mysteriously from the delivery system .,After the woman moved the mail disappeared mysteriously from the delivery system.,,7,,,disambiguator,huang2024//3/NPZ_UAMB,1,6,,,"{""ambiguity"": ""ambiguous"", ""construction"": ""NPZ"", ""disamb_position_amb"": ""7"", ""disamb_position_unamb"": ""7"", ""disamb_word"": ""disappeared""}"
huang2024,,3,MVRR_AMB,huang2024//3/MVRR_AMB,The woman brought the mail disappeared mysteriously after reading the bad news in it.,the woman brought the mail disappeared mysteriously after reading the bad news in it .,The woman brought the mail disappeared mysteriously after reading the bad news in it.,,8,,,disambiguator,huang2024//3/MVRR_UAMB,1,5,,,"{""ambiguity"": ""ambiguous"", ""construction"": ""MVRR"", ""disamb_position_amb"": ""6"", ""disamb_position_unamb"": ""8"", ""disamb_word"": ""disappeared""}"
huang2024,,4,NPS_AMB,huang2024//4/NPS_AMB,The boy found the chicken stayed surprisingly happy in the new barn.,the boy found the chicken stayed surprisingly happy in the new barn .,The boy found the chicken stayed surprisingly happy in the new barn.,,9,,,disambiguator,huang2024//4/NPS_UAMB,1,5,,,"{""ambiguity"": ""ambiguous"", ""construction"": ""NPS"", ""disamb_position_amb"": ""6"", ""disamb_position_unamb"": ""7"", ""disamb_word"": ""stayed""}"
huang2024,,4,NPZ_AMB,huang2024//4/NPZ_AMB,Although the boy attacked the chicken stayed surprisingly happy as if nothing happened.,although the boy attacked the chicken stayed surprisingly happy as if nothing happened .,Although the boy attacked the chicken stayed surprisingly happy as if nothing happened.,,10,,,disambiguator,huang2024//4/NPZ_UAMB,1,6,,,"{""ambiguity"": ""ambiguous"", ""construction"": ""NPZ"", ""disamb_position_amb"": ""7"", ""disamb_position_unamb"": ""7"", ""disamb_word"": ""stayed""}"
huang2024,,4,MVRR_AMB,huang2024//4/MVRR_AMB,The boy fed the chicken stayed surprisingly happy despite having a mild allergic reaction.,the boy fed the chicken stayed surprisingly happy despite having a mild allergic reaction .,The boy fed the chicken stayed surprisingly happy despite having a mild allergic reaction.,,11,,,disambiguator,huang2024//4/MVRR_UAMB,1,5,,,"{""ambiguity"": ""ambiguous"", ""construction"": ""MVRR"", ""disamb_position_amb"": ""6"", ""disamb_position_unamb"": ""8"", ""disamb_word"": ""stayed""}"
huang2024,,5,NPS_AMB,huang2024//5/NPS_AMB,The new doctor demonstrated the operation appeared increasingly likely to succeed.,the new doctor demonstrated the operation appeared increasingly likely to succeed .,The new doctor demonstrated the operation appeared increasingly likely to succeed.,,12,,,disambiguator,huang2024//5/NPS_UAMB,1,6,,,"{""ambiguity"": ""ambiguous"", ""construction"": ""NPS"", ""disamb_position_amb"": ""7"", ""disamb_position_unamb"": ""8"", ""disamb_word"": ""appeared""}"
huang2024,,5,NPZ_AMB,huang2024//5/NPZ_AMB,After the new doctor left the operation appeared increasingly likely to succeed.,after the new doctor left the operation appeared increasingly likely to succeed .,After the new doctor left the operation appeared increasingly likely to succeed.,,13,,,disambiguator,huang2024//5/NPZ_UAMB,1,7,,,"{""ambiguity"": ""ambiguous"", ""construction"": ""NPZ"", ""disamb_position_amb"": ""8"", ""disamb_position_unamb"": ""8"", ""disamb_word"": ""appeared""}"
huang2024,,5,MVRR_AMB,huang2024//5/MVRR_AMB,The new doctor offered the operation appeared increasingly likely to succeed in her career.,the new doctor offered the operation appeared increasingly likely to succeed in her career .,The new doctor offered the operation appeared increasingly likely to succeed in her career.,,14,,,disambiguator,huang2024//5/MVRR_UAMB,1,6,,,"{""ambiguity"": ""ambiguous"", ""construction"": ""MVRR"", ""disamb_position_amb"": ""7"", ""disamb_position_unamb"": ""9"", ""disamb_word"": ""appeared""}"
huang2024,,6,NPS_AMB,huang2024//6/NPS_AMB,The professor noticed the grant gained more attention from marine biologists.,the professor noticed the grant gained more attention from marine biologists .,The professor noticed the grant gained more attention from marine biologists.,,15,,,disambiguator,huang2024//6/NPS_UAMB,1,5,,,"{""ambiguity"": ""ambiguous"", ""construction"": ""NPS"", ""disamb_position_amb"": ""6"", ""disamb_position_unamb"": ""7"", ""disamb_word"": ""gained""}"
huang2024,,6,NPZ_AMB,huang2024//6/NPZ_AMB,After the professor read the grant gained more attention due to her excellent description.,after the professor read the grant gained more attention due to her excellent description .,After the professor read the grant gained more attention due to her excellent description.,,16,,,disambiguator,huang2024//6/NPZ_UAMB,1,6,,,"{""ambiguity"": ""ambiguous"", ""construction"": ""NPZ"", ""disamb_position_amb"": ""7"", ""disamb_position_unamb"": ""7"", ""disamb_word"": ""gained""}"
huang2024,,6,MVRR_AMB,huang2024//6/MVRR_AMB,The professor awarded the grant gained more attention from marine biologists.,the professor awarded the grant gained more attention from marine biologists .,The professor awarded the grant gained more attention from marine biologists.,,17,,,disambiguator,huang2024//6/MVRR_UAMB,1,5,,,"{""ambiguity"": ""ambiguous"", ""construction"": ""MVRR"", ""disamb_position_amb"": ""6"", ""disamb_position_unamb"": ""8"", ""disamb_word"": ""gained""}"
huang2024,,7,NPS_AMB,huang2024//7/NPS_AMB,The technician reported the service stopped working almost immediately after the storm started.,the technician reported the service stopped working almost immediately after the storm started .,The technician reported the service stopped working almost immediately after the storm started.,,18,,,disambiguator,huang2024//7/NPS_UAMB,1,5,,,"{""ambiguity"": ""ambiguous"", ""construction"": ""NPS"", ""disamb_position_amb"": ""6"", ""disamb_position_unamb"": ""7"", ""disamb_word"": ""stopped""}"
huang2024,,7,NPZ_AMB,huang2024//7/NPZ_AMB,After the technician called the service stopped working almost immediately to his surprise.,after the technician called the service stopped working almost immediately to his surprise .,After the technician called the service stopped working almost immediately to his surprise.,,19,,,disambiguator,huang2024//7/NPZ_UAMB,1,6,,,"{""ambiguity"": ""ambiguous"", ""construction"": ""NPZ"", ""disamb_position_amb"": ""7"", ""disamb_position_unamb"": ""7"", ""disamb_word"": ""stopped""}"
huang2024,,7,MVRR_AMB,huang2024//7/MVRR_AMB,The technician refused the service stopped working almost immediately after the argument.,the technician refused the service stopped working almost immediately after the argument .,The technician refused the service stopped working almost immediately after the argument.,,20,,,disambiguator,huang2024//7/MVRR_UAMB,1,5,,,"{""ambiguity"": ""ambiguous"", ""construction"": ""MVRR"", ""disamb_position_amb"": ""6"", ""disamb_position_unamb"": ""8"", ""disamb_word"": ""stopped""}"
huang2024,,8,NPS_AMB,huang2024//8/NPS_AMB,The mechanic observed the truck needed several more hours to be repaired.,the mechanic observed the truck needed several more hours to be repaired .,The mechanic observed the truck needed several more hours to be repaired.,,21,,,disambiguator,huang2024//8/NPS_UAMB,1,5,,,"{""ambiguity"": ""ambiguous"", ""construction"": ""NPS"", ""disamb_position_amb"": ""6"", ""disamb_position_unamb"": ""7"", ""disamb_word"": ""needed""}"
huang2024,,8,NPZ_AMB,huang2024//8/NPZ_AMB,Because the mechanic stopped the truck needed several more hours before it could be fully repaired.,because the mechanic stopped the truck needed several more hours before it could be fully repaired .,Because the mechanic stopped the truck needed several more hours before it could be fully repaired.,,22,,,disambiguator,huang2024//8/NPZ_UAMB,1,6,,,"{""ambiguity"": ""ambiguous"", ""construction"": ""NPZ"", ""disamb_position_amb"": ""7"", ""disamb_position_unamb"": ""7"", ""disamb_word"": ""needed""}"
huang2024,,8,MVRR_AMB,huang2024//8/MVRR_AMB,The mechanic brought the truck needed several more hours to fully repair it.,the mechanic brought the truck needed several more hours to fully repair it .,The mechanic brought the truck needed several more hours to fully repair it.,,23,,,disambiguator,huang2024//8/MVRR_UAMB,1,5,,,"{""ambiguity"": ""ambiguous"", ""construction"": ""MVRR"", ""disamb_position_amb"": ""6"", ""disamb_position_unamb"": ""8"", ""disamb_word"": ""needed""}"
huang2024,,9,NPS_AMB,huang2024//9/NPS_AMB,The guitarist knew the song failed dramatically because of the tensions within the band.,the guitarist knew the song failed dramatically because of the tensions within the band .,The guitarist knew the song failed dramatically because of the tensions within the band.,,24,,,disambiguator,huang2024//9/NPS_UAMB,1,5,,,"{""ambiguity"": ""ambiguous"", ""construction"": ""NPS"", ""disamb_position_amb"": ""6"", ""disamb_position_unamb"": ""7"", ""disamb_word"": ""failed""}"
huang2024,,9,NPZ_AMB,huang2024//9/NPZ_AMB,After the guitarist began the song failed dramatically because he skipped the sound check.,after the guitarist began the song failed dramatically because he skipped the sound check .,After the guitarist began the song failed dramatically because he skipped the sound check.,,25,,,disambiguator,huang2024//9/NPZ_UAMB,1,6,,,"{""ambiguity"": ""ambiguous"", ""construction"": ""NPZ"", ""disamb_position_amb"": ""7"", ""disamb_position_unamb"": ""7"", ""disamb_word"": ""failed""}"
huang2024,,9,MVRR_AMB,huang2024//9/MVRR_AMB,The guitarist assigned the song failed dramatically because he never practiced enough.,the guitarist assigned the song failed dramatically because he never practiced enough .,The guitarist assigned the song failed dramatically because he never practiced enough.,,26,,,disambiguator,huang2024//9/MVRR_UAMB,1,5,,,"{""ambiguity"": ""ambiguous"", ""construction"": ""MVRR"", ""disamb_position_amb"": ""6"", ""disamb_position_unamb"": ""8"", ""disamb_word"": ""failed""}"
huang2024,,10,NPS_AMB,huang2024//10/NPS_AMB,The player revealed the bonus remained essentially the same as in the original contract.,the player revealed the bonus remained essentially the same as in the original contract .,The player revealed the bonus remained essentially the same as in the original contract.,,27,,,disambiguator,huang2024//10/NPS_UAMB,1,5,,,"{""ambiguity"": ""ambiguous"", ""construction"": ""NPS"", ""disamb_position_amb"": ""6"", ""disamb_position_unamb"": ""7"", ""disamb_word"": ""remained""}"
huang2024,,10,NPZ_AMB,huang2024//10/NPZ_AMB,Although the player lost the bonus remained essentially the same as in the original contract.,although the player lost the bonus remained essentially the same as in the original contract .,Although the player lost the bonus remained essentially the same as in the original contract.,,28,,,disambiguator,huang2024//10/NPZ_UAMB,1,6,,,"{""ambiguity"": ""ambiguous"", ""construction"": ""NPZ"", ""disamb_position_amb"": ""7"", ""disamb_position_unamb"": ""7"", ""disamb_word"": ""remained""}"
huang2024,,10,MVRR_AMB,huang2024//10/MVRR_AMB,The player paid the bonus remained essentially the same despite his sudden fame and wealth.,the player paid the bonus remained essentially the same despite his sudden fame and wealth .,The player paid the bonus remained essentially the same despite his sudden fame and wealth.,,29,,,disambiguator,huang2024//10/MVRR_UAMB,1,5,,,"{""ambiguity"": ""ambiguous"", ""construction"": ""MVRR"", ""disamb_position_amb"": ""6"", ""disamb_position_unamb"": ""8"", ""disamb_word"": ""remained""}"
huang2024,,11,NPS_AMB,huang2024//11/NPS_AMB,The recent hire claimed the job prepared many students for careers in media.,the recent hire claimed the job prepared many students for careers in media .,The recent hire claimed the job prepared many students for careers in media.,,30,,,disambiguator,huang2024//11/NPS_UAMB,1,6,,,"{""ambiguity"": ""ambiguous"", ""construction"": ""NPS"", ""disamb_position_amb"": ""7"", ""disamb_position_unamb"": ""8"", ""disamb_word"": ""prepared""}"
huang2024,,11,NPZ_AMB,huang2024//11/NPZ_AMB,Once the recent hire started the job prepared many students for careers in media.,once the recent hire started the job prepared many students for careers in media .,Once the recent hire started the job prepared many students for careers in media.,,31,,,disambiguator,huang2024//11/NPZ_UAMB,1,7,,,"{""ambiguity"": ""ambiguous"", ""construction"": ""NPZ"", ""disamb_position_amb"": ""8"", ""disamb_position_unamb"": ""8"", ""disamb_word"": ""prepared""}"
huang2024,,11,MVRR_AMB,huang2024//11/MVRR_AMB,The recent hire offered the job prepared many students for careers in media.,the recent hire offered the job prepared many students for careers in media .,The recent hire offered the job prepared many students for careers in media.,,32,,,disambiguator,huang2024//11/MVRR_UAMB,1,6,,,"{""ambiguity"": ""ambiguous"", ""construction"": ""MVRR"", ""disamb_position_amb"": ""7"", ""disamb_position_unamb"": ""9"", ""disamb_word"": ""prepared""}"
huang2024,,12,NPS_AMB,huang2024//12/NPS_AMB,The assistant manager discovered the training seemed unnecessarily demanding for new staff.,the assistant manager discovered the training seemed unnecessarily demanding for new staff .,The assistant manager discovered the training seemed unnecessarily demanding for new staff.,,33,,,disambiguator,huang2024//12/NPS_UAMB,1,6,,,"{""ambiguity"": ""ambiguous"", ""construction"": ""NPS"", ""disamb_position_amb"": ""7"", ""disamb_position_unamb"": ""8"", ""disamb_word"": ""seemed""}"
huang2024,,12,NPZ_AMB,huang2024//12/NPZ_AMB,While the assistant manager worked the training seemed unnecessarily demanding to him.,while the assistant manager worked the training seemed unnecessarily demanding to him .,While the assistant manager worked the training seemed unnecessarily demanding to him.,,34,,,disambiguator,huang2024//12/NPZ_UAMB,1,7,,,"{""ambiguity"": ""ambiguous"", ""construction"": ""NPZ"", ""disamb_position_amb"": ""8"", ""disamb_position_unamb"": ""8"", ""disamb_word"": ""seemed""}"
huang2024,,12,MVRR_AMB,huang2024//12/MVRR_AMB,The assistant manager assigned the training seemed unnecessarily demanding to new staff.,the assistant manager assigned the training seemed unnecessarily demanding to new staff .,The assistant manager assigned the training seemed unnecessarily demanding to new staff.,,35,,,disambiguator,huang2024//12/MVRR_UAMB,1,6,,,"{""ambiguity"": ""ambiguous"", ""construction"": ""MVRR"", ""disamb_position_amb"": ""7"", ""disamb_position_unamb"": ""9"", ""disamb_word"": ""seemed""}"
huang2024,,13,NPS_AMB,huang2024//13/NPS_AMB,The mayor showed the document provided sufficient evidence to prove her innocence.,the mayor showed the document provided sufficient evidence to prove her innocence .,The mayor showed the document provided sufficient evidence to prove her innocence.,,36,,,disambiguator,huang2024//13/NPS_UAMB,1,5,,,"{""ambiguity"": ""ambiguous"", ""construction"": ""NPS"", ""disamb_position_amb"": ""6"", ""disamb_position_unamb"": ""7"", ""disamb_word"": ""provided""}"
huang2024,,13,NPZ_AMB,huang2024//13/NPZ_AMB,Although the mayor changed the document provided sufficient evidence for what he had promised.,although the mayor changed the document provided sufficient evidence for what he had promised .,Although the mayor changed the document provided sufficient evidence for what he had promised.,,37,,,disambiguator,huang2024//13/NPZ_UAMB,1,6,,,"{""ambiguity"": ""ambiguous"", ""construction"": ""NPZ"", ""disamb_position_amb"": ""7"", ""disamb_position_unamb"": ""7"", ""disamb_word"": ""provided""}"
huang2024,,13,MVRR_AMB,huang2024//13/MVRR_AMB,The mayor sent the document provided sufficient evidence that it was simply blackmail.,the mayor sent the document provided sufficient evidence that it was simply blackmail .,The mayor sent the document provided sufficient evidence that it was simply blackmail.,,38,,,disambiguator,huang2024//13/MVRR_UAMB,1,5,,,"{""ambiguity"": ""ambiguous"", ""construction"": ""MVRR"", ""disamb_position_amb"": ""6"", ""disamb_position_unamb"": ""8"", ""disamb_word"": ""provided""}"
huang2024,,14,NPS_AMB,huang2024//14/NPS_AMB,The basketball player mentioned the contract created another controversy in the NBA.,the basketball player mentioned the contract created another controversy in the nba .,The basketball player mentioned the contract created another controversy in the NBA.,,39,,,disambiguator,huang2024//14/NPS_UAMB,1,6,,,"{""ambiguity"": ""ambiguous"", ""construction"": ""NPS"", ""disamb_position_amb"": ""7"", ""disamb_position_unamb"": ""8"", ""disamb_word"": ""created""}"
huang2024,,14,NPZ_AMB,huang2024//14/NPZ_AMB,After the basketball player signed the contract created another controversy in the NBA.,after the basketball player signed the contract created another controversy in the nba .,After the basketball player signed the contract created another controversy in the NBA.,,40,,,disambiguator,huang2024//14/NPZ_UAMB,1,7,,,"{""ambiguity"": ""ambiguous"", ""construction"": ""NPZ"", ""disamb_position_amb"": ""8"", ""disamb_position_unamb"": ""8"", ""disamb_word"": ""created""}"
huang2024,,14,MVRR_AMB,huang2024//14/MVRR_AMB,The basketball player handed the contract created another controversy in the NBA.,the basketball player handed the contract created another controversy in the nba .,The basketball player handed the contract created another controversy in the NBA.,,41,,,disambiguator,huang2024//14/MVRR_UAMB,1,6,,,"{""ambiguity"": ""ambiguous"", ""construction"": ""MVRR"", ""disamb_position_amb"": ""7"", ""disamb_position_unamb"": ""9"", ""disamb_word"": ""created""}"
huang2024,,15,NPS_AMB,huang2024//15/NPS_AMB,The engineer maintained the equipment required constant supervision from senior technicians.,the engineer maintained the equipment required constant supervision from senior technicians .,The engineer maintained the equipment required constant supervision from senior technicians.,,42,,,disambiguator,huang2024//15/NPS_UAMB,1,5,,,"{""ambiguity"": ""ambiguous"", ""construction"": ""NPS"", ""disamb_position_amb"": ""6"", ""disamb_position_unamb"": ""7"", ""disamb_word"": ""required""}"
huang2024,,15,NPZ_AMB,huang2024//15/NPZ_AMB,After the engineer moved the equipment required constant supervision from senior technicians.,after the engineer moved the equipment required constant supervision from senior technicians .,After the engineer moved the equipment required constant supervision from senior technicians.,,43,,,disambiguator,huang2024//15/NPZ_UAMB,1,6,,,"{""ambiguity"": ""ambiguous"", ""construction"": ""NPZ"", ""disamb_position_amb"": ""7"", ""disamb_position_unamb"": ""7"", ""disamb_word"": ""required""}"
huang2024,,15,MVRR_AMB,huang2024//15/MVRR_AMB,The engineer brought the equipment required constant supervision from senior technicians.,the engineer brought the equipment required constant supervision from senior technicians .,The engineer brought the equipment required constant supervision from senior technicians.,,44,,,disambiguator,huang2024//15/MVRR_UAMB,1,5,,,"{""ambiguity"": ""ambiguous"", ""construction"": ""MVRR"", ""disamb_position_amb"": ""6"", ""disamb_position_unamb"": ""8"", ""disamb_word"": ""required""}"
huang2024,,16,NPS_AMB,huang2024//16/NPS_AMB,The little girl found the lamb remained relatively calm despite the absence of its mother.,the little girl found the lamb remained relatively calm despite the absence of its mother .,The little girl found the lamb remained relatively calm despite the absence of its mother.,,45,,,disambiguator,huang2024//16/NPS_UAMB,1,6,,,"{""ambiguity"": ""ambiguous"", ""construction"": ""NPS"", ""disamb_position_amb"": ""7"", ""disamb_position_unamb"": ""8"", ""disamb_word"": ""remained""}"
huang2024,,16,NPZ_AMB,huang2024//16/NPZ_AMB,When the little girl attacked the lamb remained relatively calm despite the sudden assault.,when the little girl attacked the lamb remained relatively calm despite the sudden assault .,When the little girl attacked the lamb remained relatively calm despite the sudden assault.,,46,,,disambiguator,huang2024//16/NPZ_UAMB,1,7,,,"{""ambiguity"": ""ambiguous"", ""construction"": ""NPZ"", ""disamb_position_amb"": ""8"", ""disamb_position_unamb"": ""8"", ""disamb_word"": ""remained""}"
huang2024,,16,MVRR_AMB,huang2024//16/MVRR_AMB,The little girl fed the lamb remained relatively calm despite having asked for beef.,the little girl fed the lamb remained relatively calm despite having asked for beef .,The little girl fed the lamb remained relatively calm despite having asked for beef.,,47,,,disambiguator,huang2024//16/MVRR_UAMB,1,6,,,"{""ambiguity"": ""ambiguous"", ""construction"": ""MVRR"", ""disamb_position_amb"": ""7"", ""disamb_position_unamb"": ""9"", ""disamb_word"": ""remained""}"
huang2024,,17,NPS_AMB,huang2024//17/NPS_AMB,The yoga instructor demonstrated the position demanded immense physical effort from everyone.,the yoga instructor demonstrated the position demanded immense physical effort from everyone .,The yoga instructor demonstrated the position demanded immense physical effort from everyone.,,48,,,disambiguator,huang2024//17/NPS_UAMB,1,6,,,"{""ambiguity"": ""ambiguous"", ""construction"": ""NPS"", ""disamb_position_amb"": ""7"", ""disamb_position_unamb"": ""8"", ""disamb_word"": ""demanded""}"
huang2024,,17,NPZ_AMB,huang2024//17/NPZ_AMB,Before the yoga instructor left the position demanded immense physical effort from everyone.,before the yoga instructor left the position demanded immense physical effort from everyone .,Before the yoga instructor left the position demanded immense physical effort from everyone.,,49,,,disambiguator,huang2024//17/NPZ_UAMB,1,7,,,"{""ambiguity"": ""ambiguous"", ""construction"": ""NPZ"", ""disamb_position_amb"": ""8"", ""disamb_position_unamb"": ""8"", ""disamb_word"": ""demanded""}"
huang2024,,17,MVRR_AMB,huang2024//17/MVRR_AMB,The yoga instructor offered the position demanded immense physical effort from everyone.,the yoga instructor offered the position demanded immense physical effort from everyone .,The yoga instructor offered the position demanded immense physical effort from everyone.,,50,,,disambiguator,huang2024//17/MVRR_UAMB,1,6,,,"{""ambiguity"": ""ambiguous"", ""construction"": ""MVRR"", ""disamb_position_amb"": ""7"", ""disamb_position_unamb"": ""9"", ""disamb_word"": ""demanded""}"
huang2024,,18,NPS_AMB,huang2024//18/NPS_AMB,The governor noticed the contract received sweeping support across the entire state.,the governor noticed the contract received sweeping support across the entire state .,The governor noticed the contract received sweeping support across the entire state.,,51,,,disambiguator,huang2024//18/NPS_UAMB,1,5,,,"{""ambiguity"": ""ambiguous"", ""construction"": ""NPS"", ""disamb_position_amb"": ""6"", ""disamb_position_unamb"": ""7"", ""disamb_word"": ""received""}"
huang2024,,18,NPZ_AMB,huang2024//18/NPZ_AMB,While the governor read the contract received sweeping support from the audience at the rally.,while the governor read the contract received sweeping support from the audience at the rally .,While the governor read the contract received sweeping support from the audience at the rally.,,52,,,disambiguator,huang2024//18/NPZ_UAMB,1,6,,,"{""ambiguity"": ""ambiguous"", ""construction"": ""NPZ"", ""disamb_position_amb"": ""7"", ""disamb_position_unamb"": ""7"", ""disamb_word"": ""received""}"
huang2024,,18,MVRR_AMB,huang2024//18/MVRR_AMB,The governor awarded the contract received sweeping support across the entire state.,the governor awarded the contract received sweeping support across the entire state .,The governor awarded the contract received sweeping support across the entire state.,,53,,,disambiguator,huang2024//18/MVRR_UAMB,1,5,,,"{""ambiguity"": ""ambiguous"", ""construction"": ""MVRR"", ""disamb_position_amb"": ""6"", ""disamb_position_unamb"": ""8"", ""disamb_word"": ""received""}"
huang2024,,19,NPS_AMB,huang2024//19/NPS_AMB,The patient reported the treatment continued causing uncomfortable side effects like nausea.,the patient reported the treatment continued causing uncomfortable side effects like nausea .,The patient reported the treatment continued causing uncomfortable side effects like nausea.,,54,,,disambiguator,huang2024//19/NPS_UAMB,1,5,,,"{""ambiguity"": ""ambiguous"", ""construction"": ""NPS"", ""disamb_position_amb"": ""6"", ""disamb_position_unamb"": ""7"", ""disamb_word"": ""continued""}"
huang2024,,19,NPZ_AMB,huang2024//19/NPZ_AMB,Before the patient called the treatment continued causing uncomfortable side effects like nausea.,before the patient called the treatment continued causing uncomfortable side effects like nausea .,Before the patient called the treatment continued causing uncomfortable side effects like nausea.,,55,,,disambiguator,huang2024//19/NPZ_UAMB,1,6,,,"{""ambiguity"": ""ambiguous"", ""construction"": ""NPZ"", ""disamb_position_amb"": ""7"", ""disamb_position_unamb"": ""7"", ""disamb_word"": ""continued""}"
huang2024,,19,MVRR_AMB,huang2024//19/MVRR_AMB,The patient refused the treatment continued causing uncomfortable scenes in the ER.,the patient refused the treatment continued causing uncomfortable scenes in the er .,The patient refused the treatment continued causing uncomfortable scenes in the ER.,,56,,,disambiguator,huang2024//19/MVRR_UAMB,1,5,,,"{""ambiguity"": ""ambiguous"", ""construction"": ""MVRR"", ""disamb_position_amb"": ""6"", ""disamb_position_unamb"": ""8"", ""disamb_word"": ""continued""}"
huang2024,,20,NPS_AMB,huang2024//20/NPS_AMB,The operator observed the machine started working efficiently all of a sudden.,the operator observed the machine started working efficiently all of a sudden .,The operator observed the machine started working efficiently all of a sudden.,,57,,,disambiguator,huang2024//20/NPS_UAMB,1,5,,,"{""ambiguity"": ""ambiguous"", ""construction"": ""NPS"", ""disamb_position_amb"": ""6"", ""disamb_position_unamb"": ""7"", ""disamb_word"": ""started""}"
huang2024,,20,NPZ_AMB,huang2024//20/NPZ_AMB,Once the operator stopped the machine started working efficiently without any supervision.,once the operator stopped the machine started working efficiently without any supervision .,Once the operator stopped the machine started working efficiently without any supervision.,,58,,,disambiguator,huang2024//20/NPZ_UAMB,1,6,,,"{""ambiguity"": ""ambiguous"", ""construction"": ""NPZ"", ""disamb_position_amb"": ""7"", ""disamb_position_unamb"": ""7"", ""disamb_word"": ""started""}"
huang2024,,20,MVRR_AMB,huang2024//20/MVRR_AMB,The operator brought the machine started working efficiently with the added automation.,the operator brought the machine started working efficiently with the added automation .,The operator brought the machine started working efficiently with the added automation.,,59,,,disambiguator,huang2024//20/MVRR_UAMB,1,5,,,"{""ambiguity"": ""ambiguous"", ""construction"": ""MVRR"", ""disamb_position_amb"": ""6"", ""disamb_position_unamb"": ""8"", ""disamb_word"": ""started""}"
huang2024,,21,NPS_AMB,huang2024//21/NPS_AMB,The dancer knew the ballet achieved incredible success for a small local production.,the dancer knew the ballet achieved incredible success for a small local production .,The dancer knew the ballet achieved incredible success for a small local production.,,60,,,disambiguator,huang2024//21/NPS_UAMB,1,5,,,"{""ambiguity"": ""ambiguous"", ""construction"": ""NPS"", ""disamb_position_amb"": ""6"", ""disamb_position_unamb"": ""7"", ""disamb_word"": ""achieved""}"
huang2024,,21,NPZ_AMB,huang2024//21/NPZ_AMB,Once the dancer began the ballet achieved incredible success for a show with a new performer.,once the dancer began the ballet achieved incredible success for a show with a new performer .,Once the dancer began the ballet achieved incredible success for a show with a new performer.,,61,,,disambiguator,huang2024//21/NPZ_UAMB,1,6,,,"{""ambiguity"": ""ambiguous"", ""construction"": ""NPZ"", ""disamb_position_amb"": ""7"", ""disamb_position_unamb"": ""7"", ""disamb_word"": ""achieved""}"
huang2024,,21,MVRR_AMB,huang2024//21/MVRR_AMB,The dancer assigned the ballet achieved incredible success for a new performer.,the dancer assigned the ballet achieved incredible success for a new performer .,The dancer assigned the ballet achieved incredible success for a new performer.,,62,,,disambiguator,huang2024//21/MVRR_UAMB,1,5,,,"{""ambiguity"": ""ambiguous"", ""construction"": ""MVRR"", ""disamb_position_amb"": ""6"", ""disamb_position_unamb"": ""8"", ""disamb_word"": ""achieved""}"
huang2024,,22,NPS_AMB,huang2024//22/NPS_AMB,The contestant revealed the money became unavailable to him when the show's budget shrank.,the contestant revealed the money became unavailable to him when the show's budget shrank .,The contestant revealed the money became unavailable to him when the show's budget shrank.,,63,,,disambiguator,huang2024//22/NPS_UAMB,1,5,,,"{""ambiguity"": ""ambiguous"", ""construction"": ""NPS"", ""disamb_position_amb"": ""6"", ""disamb_position_unamb"": ""7"", ""disamb_word"": ""became""}"
huang2024,,22,NPZ_AMB,huang2024//22/NPZ_AMB,After the contestant lost the money became unavailable despite his previous three wins in a row.,after the contestant lost the money became unavailable despite his previous three wins in a row .,After the contestant lost the money became unavailable despite his previous three wins in a row.,,64,,,disambiguator,huang2024//22/NPZ_UAMB,1,6,,,"{""ambiguity"": ""ambiguous"", ""construction"": ""NPZ"", ""disamb_position_amb"": ""7"", ""disamb_position_unamb"": ""7"", ""disamb_word"": ""became""}"
huang2024,,22,MVRR_AMB,huang2024//22/MVRR_AMB,The contestant paid the money became unavailable and suddenly terminated his contract.,the contestant paid the money became unavailable and suddenly terminated his contract .,The contestant paid the money became unavailable and suddenly terminated his contract.,,65,,,disambiguator,huang2024//22/MVRR_UAMB,1,5,,,"{""ambiguity"": ""ambiguous"", ""construction"": ""MVRR"", ""disamb_position_amb"": ""6"", ""disamb_position_unamb"": ""8"", ""disamb_word"": ""became""}"
huang2024,,23,NPS_AMB,huang2024//23/NPS_AMB,The new chef claimed the restaurant separated mediocre cooks from gifted ones.,the new chef claimed the restaurant separated mediocre cooks from gifted ones .,The new chef claimed the restaurant separated mediocre cooks from gifted ones.,,66,,,disambiguator,huang2024//23/NPS_UAMB,1,6,,,"{""ambiguity"": ""ambiguous"", ""construction"": ""NPS"", ""disamb_position_amb"": ""7"", ""disamb_position_unamb"": ""8"", ""disamb_word"": ""separated""}"
huang2024,,23,NPZ_AMB,huang2024//23/NPZ_AMB,Once the new chef started the restaurant separated mediocre cooks from gifted ones.,once the new chef started the restaurant separated mediocre cooks from gifted ones .,Once the new chef started the restaurant separated mediocre cooks from gifted ones.,,67,,,disambiguator,huang2024//23/NPZ_UAMB,1,7,,,"{""ambiguity"": ""ambiguous"", ""construction"": ""NPZ"", ""disamb_position_amb"": ""8"", ""disamb_position_unamb"": ""8"", ""disamb_word"": ""separated""}"
huang2024,,23,MVRR_AMB,huang2024//23/MVRR_AMB,The new chef offered the restaurant separated mediocre cooks from gifted ones.,the new chef offered the restaurant separated mediocre cooks from gifted ones .,The new chef offered the restaurant separated mediocre cooks from gifted ones.,,68,,,disambiguator,huang2024//23/MVRR_UAMB,1,6,,,"{""ambiguity"": ""ambiguous"", ""construction"": ""MVRR"", ""disamb_position_amb"": ""7"", ""disamb_position_unamb"": ""9"", ""disamb_word"": ""separated""}"
huang2024,,24,NPS_AMB,huang2024//24/NPS_AMB,The apprentice baker discovered the oven produced smaller cakes because it heated too fast.,the apprentice baker discovered the oven produced smaller cakes because it heated too fast .,The apprentice baker discovered the oven produced smaller cakes because it heated too fast.,,69,,,disambiguator,huang2024//24/NPS_UAMB,1,6,,,"{""ambiguity"": ""ambiguous"", ""construction"": ""NPS"", ""disamb_position_amb"": ""7"", ""disamb_position_unamb"": ""8"", ""disamb_word"": ""produced""}"
huang2024,,24,NPZ_AMB,huang2024//24/NPZ_AMB,When the apprentice baker worked the oven produced smaller cakes because he lacked experience.,when the apprentice baker worked the oven produced smaller cakes because he lacked experience .,When the apprentice baker worked the oven produced smaller cakes because he lacked experience.,,70,,,disambiguator,huang2024//24/NPZ_UAMB,1,7,,,"{""ambiguity"": ""ambiguous"", ""construction"": ""NPZ"", ""disamb_position_amb"": ""8"", ""disamb_position_unamb"": ""8"", ""disamb_word"": ""produced""}"
huang2024,,24,MVRR_AMB,huang2024//24/MVRR_AMB,The apprentice baker assigned the oven produced smaller cakes because he lacked experience.,the apprentice baker assigned the oven produced smaller cakes because he lacked experience .,The apprentice baker assigned the oven produced smaller cakes because he lacked experience.,,71,,,disambiguator,huang2024//24/MVRR_UAMB,1,6,,,"{""ambiguity"": ""ambiguous"", ""construction"": ""MVRR"", ""disamb_position_amb"": ""7"", ""disamb_position_unamb"": ""9"", ""disamb_word"": ""produced""}"
huang2024,,1,NPS_UAMB,huang2024//1/NPS_UAMB,The suspect showed that the file deserved further investigation during the murder trial.,the suspect showed that the file deserved further investigation during the murder trial .,The suspect showed that the file deserved further investigation during the murder trial.,,72,,,disambiguator,huang2024//1/NPS_UAMB,1,6,,,"{""ambiguity"": ""unambiguous"", ""construction"": ""NPS"", ""disamb_position_amb"": ""6"", ""disamb_position_unamb"": ""7"", ""disamb_word"": ""deserved""}"
huang2024,,1,NPZ_UAMB,huang2024//1/NPZ_UAMB,"Because the suspect changed, the file deserved further investigation during the jury discussions.","because the suspect changed , the file deserved further investigation during the jury discussions .","Because the suspect changed, the file deserved further investigation during the jury discussions.",,73,,,disambiguator,huang2024//1/NPZ_UAMB,1,6,,,"{""ambiguity"": ""unambiguous"", ""construction"": ""NPZ"", ""disamb_position_amb"": ""7"", ""disamb_position_unamb"": ""7"", ""disamb_word"": ""deserved""}"
huang2024,,1,MVRR_UAMB,huang2024//1/MVRR_UAMB,The suspect who was sent the file deserved further investigation given the new evidence.,the suspect who was sent the file deserved further investigation given the new evidence .,The suspect who was sent the file deserved further investigation given the new evidence.,,74,,,disambiguator,huang2024//1/MVRR_UAMB,1,7,,,"{""ambiguity"": ""unambiguous"", ""construction"": ""MVRR"", ""disamb_position_amb"": ""6"", ""disamb_position_unamb"": ""8"", ""disamb_word"": ""deserved""}"
huang2024,,2,NPS_UAMB,huang2024//2/NPS_UAMB,The corrupt politician mentioned that the bill received unwelcome attention from southern voters.,the corrupt politician mentioned that the bill received unwelcome attention from southern voters .,The corrupt politician mentioned that the bill received unwelcome attention from southern voters.,,75,,,disambiguator,huang2024//2/NPS_UAMB,1,7,,,"{""ambiguity"": ""unambiguous"", ""construction"": ""NPS"", ""disamb_position_amb"": ""7"", ""disamb_position_unamb"": ""8"", ""disamb_word"": ""received""}"
huang2024,,2,NPZ_UAMB,huang2024//2/NPZ_UAMB,"After the corrupt politician signed, the bill received unwelcome attention from southern voters.","after the corrupt politician signed , the bill received unwelcome attention from southern voters .","After the corrupt politician signed, the bill received unwelcome attention from southern voters.",,76,,,disambiguator,huang2024//2/NPZ_UAMB,1,7,,,"{""ambiguity"": ""unambiguous"", ""construction"": ""NPZ"", ""disamb_position_amb"": ""8"", ""disamb_position_unamb"": ""8"", ""disamb_word"": ""received""}"
huang2024,,2,MVRR_UAMB,huang2024//2/MVRR_UAMB,The corrupt politician who was handed the bill received unwelcome attention from southern voters.,the corrupt politician who was handed the bill received unwelcome attention from southern voters .,The corrupt politician who was handed the bill received unwelcome attention from southern voters.,,77,,,disambiguator,huang2024//2/MVRR_UAMB,1,8,,,"{""ambiguity"": ""unambiguous"", ""construction"": ""MVRR"", ""disamb_position_amb"": ""7"", ""disamb_position_unamb"": ""9"", ""disamb_word"": ""received""}"
huang2024,,3,NPS_UAMB,huang2024//3/NPS_UAMB,The woman maintained that the mail disappeared mysteriously from her front porch.,the woman maintained that the mail disappeared mysteriously from her front porch .,The woman maintained that the mail disappeared mysteriously from her front porch.,,78,,,disambiguator,huang2024//3/NPS_UAMB,1,6,,,"{""ambiguity"": ""unambiguous"", ""construction"": ""NPS"", ""disamb_position_amb"": ""6"", ""disamb_position_unamb"": ""7"", ""disamb_word"": ""disappeared""}"
huang2024,,3,NPZ_UAMB,huang2024//3/NPZ_UAMB,"After the woman moved, the mail disappeared mysteriously from the delivery system.","after the woman moved , the mail disappeared mysteriously from the delivery system .","After the woman moved, the mail disappeared mysteriously from the delivery system.",,79,,,disambiguator,huang2024//3/NPZ_UAMB,1,6,,,"{""ambiguity"": ""unambiguous"", ""construction"": ""NPZ"", ""disamb_position_amb"": ""7"", ""disamb_position_unamb"": ""7"", ""disamb_word"": ""disappeared""}"
huang2024,,3,MVRR_UAMB,huang2024//3/MVRR_UAMB,The woman who was brought the mail disappeared mysteriously after reading the bad news in it.,the woman who was brought the mail disappeared mysteriously after reading the bad news in it .,The woman who was brought the mail disappeared mysteriously after reading the bad news in it.,,80,,,disambiguator,huang2024//3/MVRR_UAMB,1,7,,,"{""ambiguity"": ""unambiguous"", ""construction"": ""MVRR"", ""disamb_position_amb"": ""6"", ""disamb_position_unamb"": ""8"", ""disamb_word"": ""disappeared""}"
huang2024,,4,NPS_UAMB,huang2024//4/NPS_UAMB,The boy found that the chicken stayed surprisingly happy in the new barn.,the boy found that the chicken stayed surprisingly happy in the new barn .,The boy found that the chicken stayed surprisingly happy in the new barn.,,81,,,disambiguator,huang2024//4/NPS_UAMB,1,6,,,"{""ambiguity"": ""unambiguous"", ""construction"": ""NPS"", ""disamb_position_amb"": ""6"", ""disamb_position_unamb"": ""7"", ""disamb_word"": ""stayed""}"
huang2024,,4,NPZ_UAMB,huang2024//4/NPZ_UAMB,"Although the boy attacked, the chicken stayed surprisingly happy as if nothing happened.","although the boy attacked , the chicken stayed surprisingly happy as if nothing happened .","Although the boy attacked, the chicken stayed surprisingly happy as if nothing happened.",,82,,,disambiguator,huang2024//4/NPZ_UAMB,1,6,,,"{""ambiguity"": ""unambiguous"", ""construction"": ""NPZ"", ""disamb_position_amb"": ""7"", ""disamb_position_unamb"": ""7"", ""disamb_word"": ""stayed""}"
huang2024,,4,MVRR_UAMB,huang2024//4/MVRR_UAMB,The boy who was fed the chicken stayed surprisingly happy despite having a mild allergic reaction.,the boy who was fed the chicken stayed surprisingly happy despite having a mild allergic reaction .,The boy who was fed the chicken stayed surprisingly happy despite having a mild allergic reaction.,,83,,,disambiguator,huang2024//4/MVRR_UAMB,1,7,,,"{""ambiguity"": ""unambiguous"", ""construction"": ""MVRR"", ""disamb_position_amb"": ""6"", ""disamb_position_unamb"": ""8"", ""disamb_word"": ""stayed""}"
huang2024,,5,NPS_UAMB,huang2024//5/NPS_UAMB,The new doctor demonstrated that the operation appeared increasingly likely to succeed.,the new doctor demonstrated that the operation appeared increasingly likely to succeed .,The new doctor demonstrated that the operation appeared increasingly likely to succeed.,,84,,,disambiguator,huang2024//5/NPS_UAMB,1,7,,,"{""ambiguity"": ""unambiguous"", ""construction"": ""NPS"", ""disamb_position_amb"": ""7"", ""disamb_position_unamb"": ""8"", ""disamb_word"": ""appeared""}"
huang2024,,5,NPZ_UAMB,huang2024//5/NPZ_UAMB,"After the new doctor left, the operation appeared increasingly likely to succeed.","after the new doctor left , the operation appeared increasingly likely to succeed .","After the new doctor left, the operation appeared increasingly likely to succeed.",,85,,,disambiguator,huang2024//5/NPZ_UAMB,1,7,,,"{""ambiguity"": ""unambiguous"", ""construction"": ""NPZ"", ""disamb_position_amb"": ""8"", ""disamb_position_unamb"": ""8"", ""disamb_word"": ""appeared""}"
huang2024,,5,MVRR_UAMB,huang2024//5/MVRR_UAMB,The new doctor who was offered the operation appeared increasingly likely to succeed in her career.,the new doctor who was offered the operation appeared increasingly likely to succeed in her career .,The new doctor who was offered the operation appeared increasingly likely to succeed in her career.,,86,,,disambiguator,huang2024//5/MVRR_UAMB,1,8,,,"{""ambiguity"": ""unambiguous"", ""construction"": ""MVRR"", ""disamb_position_amb"": ""7"", ""disamb_position_unamb"": ""9"", ""disamb_word"": ""appeared""}"
huang2024,,6,NPS_UAMB,huang2024//6/NPS_UAMB,The professor noticed that the grant gained more attention from marine biologists.,the professor noticed that the grant gained more attention from marine biologists .,The professor noticed that the grant gained more attention from marine biologists.,,87,,,disambiguator,huang2024//6/NPS_UAMB,1,6,,,"{""ambiguity"": ""unambiguous"", ""construction"": ""NPS"", ""disamb_position_amb"": ""6"", ""disamb_position_unamb"": ""7"", ""disamb_word"": ""gained""}"
huang2024,,6,NPZ_UAMB,huang2024//6/NPZ_UAMB,"After the professor read, the grant gained more attention due to her excellent description.","after the professor read , the grant gained more attention due to her excellent description .","After the professor read, the grant gained more attention due to her excellent description.",,88,,,disambiguator,huang2024//6/NPZ_UAMB,1,6,,,"{""ambiguity"": ""unambiguous"", ""construction"": ""NPZ"", ""disamb_position_amb"": ""7"", ""disamb_position_unamb"": ""7"", ""disamb_word"": ""gained""}"
huang2024,,6,MVRR_UAMB,huang2024//6/MVRR_UAMB,The professor who was awarded the grant gained more attention from marine biologists.,the professor who was awarded the grant gained more attention from marine biologists .,The professor who was awarded the grant gained more attention from marine biologists.,,89,,,disambiguator,huang2024//6/MVRR_UAMB,1,7,,,"{""ambiguity"": ""unambiguous"", ""construction"": ""MVRR"", ""disamb_position_amb"": ""6"", ""disamb_position_unamb"": ""8"", ""disamb_word"": ""gained""}"
huang2024,,7,NPS_UAMB,huang2024//7/NPS_UAMB,The technician reported that the service stopped working almost immediately after the storm started.,the technician reported that the service stopped working almost immediately after the storm started .,The technician reported that the service stopped working almost immediately after the storm started.,,90,,,disambiguator,huang2024//7/NPS_UAMB,1,6,,,"{""ambiguity"": ""unambiguous"", ""construction"": ""NPS"", ""disamb_position_amb"": ""6"", ""disamb_position_unamb"": ""7"", ""disamb_word"": ""stopped""}"
huang2024,,7,NPZ_UAMB,huang2024//7/NPZ_UAMB,"After the technician called, the service stopped working almost immediately to his surprise.","after the technician called , the service stopped working almost immediately to his surprise .","After the technician called, the service stopped working almost immediately to his surprise.",,91,,,disambiguator,huang2024//7/NPZ_UAMB,1,6,,,"{""ambiguity"": ""unambiguous"", ""construction"": ""NPZ"", ""disamb_position_amb"": ""7"", ""disamb_position_unamb"": ""7"", ""disamb_word"": ""stopped""}"
huang2024,,7,MVRR_UAMB,huang2024//7/MVRR_UAMB,The technician who was refused the service stopped working almost immediately after the argument.,the technician who was refused the service stopped working almost immediately after the argument .,The technician who was refused the service stopped working almost immediately after the argument.,,92,,,disambiguator,huang2024//7/MVRR_UAMB,1,7,,,"{""ambiguity"": ""unambiguous"", ""construction"": ""MVRR"", ""disamb_position_amb"": ""6"", ""disamb_position_unamb"": ""8"", ""disamb_word"": ""stopped""}"
huang2024,,8,NPS_UAMB,huang2024//8/NPS_UAMB,The mechanic observed that the truck needed several more hours to be repaired.,the mechanic observed that the truck needed several more hours to be repaired .,The mechanic observed that the truck needed several more hours to be repaired.,,93,,,disambiguator,huang2024//8/NPS_UAMB,1,6,,,"{""ambiguity"": ""unambiguous"", ""construction"": ""NPS"", ""disamb_position_amb"": ""6"", ""disamb_position_unamb"": ""7"", ""disamb_word"": ""needed""}"
huang2024,,8,NPZ_UAMB,huang2024//8/NPZ_UAMB,"Because the mechanic stopped, the truck needed several more hours before it could be fully repaired.","because the mechanic stopped , the truck needed several more hours before it could be fully repaired .","Because the mechanic stopped, the truck needed several more hours before it could be fully repaired.",,94,,,disambiguator,huang2024//8/NPZ_UAMB,1,6,,,"{""ambiguity"": ""unambiguous"", ""construction"": ""NPZ"", ""disamb_position_amb"": ""7"", ""disamb_position_unamb"": ""7"", ""disamb_word"": ""needed""}"
huang2024,,8,MVRR_UAMB,huang2024//8/MVRR_UAMB,The mechanic who was brought the truck needed several more hours to fully repair it.,the mechanic who was brought the truck needed several more hours to fully repair it .,The mechanic who was brought the truck needed several more hours to fully repair it.,,95,,,disambiguator,huang2024//8/MVRR_UAMB,1,7,,,"{""ambiguity"": ""unambiguous"", ""construction"": ""MVRR"", ""disamb_position_amb"": ""6"", ""disamb_position_unamb"": ""8"", ""disamb_word"": ""needed""}"
huang2024,,9,NPS_UAMB,huang2024//9/NPS_UAMB,The guitarist knew that the song failed dramatically because of the tensions within the band.,the guitarist knew that the song failed dramatically because of the tensions within the band .,The guitarist knew that the song failed dramatically because of the tensions within the band.,,96,,,disambiguator,huang2024//9/NPS_UAMB,1,6,,,"{""ambiguity"": ""unambiguous"", ""construction"": ""NPS"", ""disamb_position_amb"": ""6"", ""disamb_position_unamb"": ""7"", ""disamb_word"": ""failed""}"
huang2024,,9,NPZ_UAMB,huang2024//9/NPZ_UAMB,"After the guitarist began, the song failed dramatically because he skipped the sound check.","after the guitarist began , the song failed dramatically because he skipped the sound check .","After the guitarist began, the song failed dramatically because he skipped the sound check.",,97,,,disambiguator,huang2024//9/NPZ_UAMB,1,6,,,"{""ambiguity"": ""unambiguous"", ""construction"": ""NPZ"", ""disamb_position_amb"": ""7"", ""disamb_position_unamb"": ""7"", ""disamb_word"": ""failed""}"
huang2024,,9,MVRR_UAMB,huang2024//9/MVRR_UAMB,The guitarist who was assigned the song failed dramatically because he never practiced enough.,the guitarist who was assigned the song failed dramatically because he never practiced enough .,The guitarist who was assigned the song failed dramatically because he never practiced enough.,,98,,,disambiguator,huang2024//9/MVRR_UAMB,1,7,,,"{""ambiguity"": ""unambiguous"", ""construction"": ""MVRR"", ""disamb_position_amb"": ""6"", ""disamb_position_unamb"": ""8"", ""disamb_word"": ""failed""}"
huang2024,,10,NPS_UAMB,huang2024//10/NPS_UAMB,The player revealed that the bonus remained essentially the same as in the original contract.,the player revealed that the bonus remained essentially the same as in the original contract .,The player revealed that the bonus remained essentially the same as in the original contract.,,99,,,disambiguator,huang2024//10/NPS_UAMB,1,6,,,"{""ambiguity"": ""unambiguous"", ""construction"": ""NPS"", ""disamb_position_amb"": ""6"", ""disamb_position_unamb"": ""7"", ""disamb_word"": ""remained""}"
huang2024,,10,NPZ_UAMB,huang2024//10/NPZ_UAMB,"Although the player lost, the bonus remained essentially the same as in the original contract.","although the player lost , the bonus remained essentially the same as in the original contract .","Although the player lost, the bonus remained essentially the same as in the original contract.",,100,,,disambiguator,huang2024//10/NPZ_UAMB,1,6,,,"{""ambiguity"": ""unambiguous"", ""construction"": ""NPZ"", ""disamb_position_amb"": ""7"", ""disamb_position_unamb"": ""7"", ""disamb_word"": ""remained""}"
huang2024,,10,MVRR_UAMB,huang2024//10/MVRR_UAMB,The player who was paid the bonus remained essentially the same despite his sudden fame and wealth.,the player who was paid the bonus remained essentially the same despite his sudden fame and wealth .,The player who was paid the bonus remained essentially the same despite his sudden fame and wealth.,,101,,,disambiguator,huang2024//10/MVRR_UAMB,1,7,,,"{""ambiguity"": ""unambiguous"", ""construction"": ""MVRR"", ""disamb_position_amb"": ""6"", ""disamb_position_unamb"": ""8"", ""disamb_word"": ""remained""}"
huang2024,,11,NPS_UAMB,huang2024//11/NPS_UAMB,The recent hire claimed that the job prepared many students for careers in media.,the recent hire claimed that the job prepared many students for careers in media .,The recent hire claimed that the job prepared many students for careers in media.,,102,,,disambiguator,huang2024//11/NPS_UAMB,1,7,,,"{""ambiguity"": ""unambiguous"", ""construction"": ""NPS"", ""disamb_position_amb"": ""7"", ""disamb_position_unamb"": ""8"", ""disamb_word"": ""prepared""}"
huang2024,,11,NPZ_UAMB,huang2024//11/NPZ_UAMB,"Once the recent hire started, the job prepared many students for careers in media.","once the recent hire started , the job prepared many students for careers in media .","Once the recent hire started, the job prepared many students for careers in media.",,103,,,disambiguator,huang2024//11/NPZ_UAMB,1,7,,,"{""ambiguity"": ""unambiguous"", ""construction"": ""NPZ"", ""disamb_position_amb"": ""8"", ""disamb_position_unamb"": ""8"", ""disamb_word"": ""prepared""}"
huang2024,,11,MVRR_UAMB,huang2024//11/MVRR_UAMB,The recent hire who was offered the job prepared many students for careers in media.,the recent hire who was offered the job prepared many students for careers in media .,The recent hire who was offered the job prepared many students for careers in media.,,104,,,disambiguator,huang2024//11/MVRR_UAMB,1,8,,,"{""ambiguity"": ""unambiguous"", ""construction"": ""MVRR"", ""disamb_position_amb"": ""7"", ""disamb_position_unamb"": ""9"", ""disamb_word"": ""prepared""}"
huang2024,,12,NPS_UAMB,huang2024//12/NPS_UAMB,The assistant manager discovered that the training seemed unnecessarily demanding for new staff.,the assistant manager discovered that the training seemed unnecessarily demanding for new staff .,The assistant manager discovered that the training seemed unnecessarily demanding for new staff.,,105,,,disambiguator,huang2024//12/NPS_UAMB,1,7,,,"{""ambiguity"": ""unambiguous"", ""construction"": ""NPS"", ""disamb_position_amb"": ""7"", ""disamb_position_unamb"": ""8"", ""disamb_word"": ""seemed""}"
huang2024,,12,NPZ_UAMB,huang2024//12/NPZ_UAMB,"While the assistant manager worked, the training seemed unnecessarily demanding to him.","while the assistant manager worked , the training seemed unnecessarily demanding to him .","While the assistant manager worked, the training seemed unnecessarily demanding to him.",,106,,,disambiguator,huang2024//12/NPZ_UAMB,1,7,,,"{""ambiguity"": ""unambiguous"", ""construction"": ""NPZ"", ""disamb_position_amb"": ""8"", ""disamb_position_unamb"": ""8"", ""disamb_word"": ""seemed""}"
huang2024,,12,MVRR_UAMB,huang2024//12/MVRR_UAMB,The assistant manager who was assigned the training seemed unnecessarily demanding to new staff.,the assistant manager who was assigned the training seemed unnecessarily demanding to new staff .,The assistant manager who was assigned the training seemed unnecessarily demanding to new staff.,,107,,,disambiguator,huang2024//12/MVRR_UAMB,1,8,,,"{""ambiguity"": ""unambiguous"", ""construction"": ""MVRR"", ""disamb_position_amb"": ""7"", ""disamb_position_unamb"": ""9"", ""disamb_word"": ""seemed""}"
huang2024,,13,NPS_UAMB,huang2024//13/NPS_UAMB,The mayor showed that the document provided sufficient evidence to prove her innocence.,the mayor showed that the document provided sufficient evidence to prove her innocence .,The mayor showed that the document provided sufficient evidence to prove her innocence.,,108,,,disambiguator,huang2024//13/NPS_UAMB,1,6,,,"{""ambiguity"": ""unambiguous"", ""construction"": ""NPS"", ""disamb_position_amb"": ""6"", ""disamb_position_unamb"": ""7"", ""disamb_word"": ""provided""}"
huang2024,,13,NPZ_UAMB,huang2024//13/NPZ_UAMB,"Although the mayor changed, the document provided sufficient evidence for what he had promised.","although the mayor changed , the document provided sufficient evidence for what he had promised .","Although the mayor changed, the document provided sufficient evidence for what he had promised.",,109,,,disambiguator,huang2024//13/NPZ_UAMB,1,6,,,"{""ambiguity"": ""unambiguous"", ""construction"": ""NPZ"", ""disamb_position_amb"": ""7"", ""disamb_position_unamb"": ""7"", ""disamb_word"": ""provided""}"
huang2024,,13,MVRR_UAMB,huang2024//13/MVRR_UAMB,The mayor who was sent the document provided sufficient evidence that it was simply blackmail.,the mayor who was sent the document provided sufficient evidence that it was simply blackmail .,The mayor who was sent the document provided sufficient evidence that it was simply blackmail.,,110,,,disambiguator,huang2024//13/MVRR_UAMB,1,7,,,"{""ambiguity"": ""unambiguous"", ""construction"": ""MVRR"", ""disamb_position_amb"": ""6"", ""disamb_position_unamb"": ""8"", ""disamb_word"": ""provided""}"
huang2024,,14,NPS_UAMB,huang2024//14/NPS_UAMB,The basketball player mentioned that the contract created another controversy in the NBA.,the basketball player mentioned that the contract created another controversy in the nba .,The basketball player mentioned that the contract created another controversy in the NBA.,,111,,,disambiguator,huang2024//14/NPS_UAMB,1,7,,,"{""ambiguity"": ""unambiguous"", ""construction"": ""NPS"", ""disamb_position_amb"": ""7"", ""disamb_position_unamb"": ""8"", ""disamb_word"": ""created""}"
huang2024,,14,NPZ_UAMB,huang2024//14/NPZ_UAMB,"After the basketball player signed, the contract created another political controversy in the NBA.","after the basketball player signed , the contract created another political controversy in the nba .","After the basketball player signed, the contract created another political controversy in the NBA.",,112,,,disambiguator,huang2024//14/NPZ_UAMB,1,7,,,"{""ambiguity"": ""unambiguous"", ""construction"": ""NPZ"", ""disamb_position_amb"": ""8"", ""disamb_position_unamb"": ""8"", ""disamb_word"": ""created""}"
huang2024,,14,MVRR_UAMB,huang2024//14/MVRR_UAMB,The basketball player who was handed the contract created another controversy in the NBA.,the basketball player who was handed the contract created another controversy in the nba .,The basketball player who was handed the contract created another controversy in the NBA.,,113,,,disambiguator,huang2024//14/MVRR_UAMB,1,8,,,"{""ambiguity"": ""unambiguous"", ""construction"": ""MVRR"", ""disamb_position_amb"": ""7"", ""disamb_position_unamb"": ""9"", ""disamb_word"": ""created""}"
huang2024,,15,NPS_UAMB,huang2024//15/NPS_UAMB,The engineer maintained that the equipment required constant supervision from senior technicians.,the engineer maintained that the equipment required constant supervision from senior technicians .,The engineer maintained that the equipment required constant supervision from senior technicians.,,114,,,disambiguator,huang2024//15/NPS_UAMB,1,6,,,"{""ambiguity"": ""unambiguous"", ""construction"": ""NPS"", ""disamb_position_amb"": ""6"", ""disamb_position_unamb"": ""7"", ""disamb_word"": ""required""}"
huang2024,,15,NPZ_UAMB,huang2024//15/NPZ_UAMB,"After the engineer moved, the equipment required constant supervision from senior technicians.","after the engineer moved , the equipment required constant supervision from senior technicians .","After the engineer moved, the equipment required constant supervision from senior technicians.",,115,,,disambiguator,huang2024//15/NPZ_UAMB,1,6,,,"{""ambiguity"": ""unambiguous"", ""construction"": ""NPZ"", ""disamb_position_amb"": ""7"", ""disamb_position_unamb"": ""7"", ""disamb_word"": ""required""}"
huang2024,,15,MVRR_UAMB,huang2024//15/MVRR_UAMB,The engineer who was brought the equipment required constant supervision from senior technicians.,the engineer who was brought the equipment required constant supervision from senior technicians .,The engineer who was brought the equipment required constant supervision from senior technicians.,,116,,,disambiguator,huang2024//15/MVRR_UAMB,1,7,,,"{""ambiguity"": ""unambiguous"", ""construction"": ""MVRR"", ""disamb_position_amb"": ""6"", ""disamb_position_unamb"": ""8"", ""disamb_word"": ""required""}"
huang2024,,16,NPS_UAMB,huang2024//16/NPS_UAMB,The little girl found that the lamb remained relatively calm despite the absence of its mother.,the little girl found that the lamb remained relatively calm despite the absence of its mother .,The little girl found that the lamb remained relatively calm despite the absence of its mother.,,117,,,disambiguator,huang2024//16/NPS_UAMB,1,7,,,"{""ambiguity"": ""unambiguous"", ""construction"": ""NPS"", ""disamb_position_amb"": ""7"", ""disamb_position_unamb"": ""8"", ""disamb_word"": ""remained""}"
huang2024,,16,NPZ_UAMB,huang2024//16/NPZ_UAMB,"When the little girl attacked, the lamb remained relatively calm despite the sudden assault.","when the little girl attacked , the lamb remained relatively calm despite the sudden assault .","When the little girl attacked, the lamb remained relatively calm despite the sudden assault.",,118,,,disambiguator,huang2024//16/NPZ_UAMB,1,7,,,"{""ambiguity"": ""unambiguous"", ""construction"": ""NPZ"", ""disamb_position_amb"": ""8"", ""disamb_position_unamb"": ""8"", ""disamb_word"": ""remained""}"
huang2024,,16,MVRR_UAMB,huang2024//16/MVRR_UAMB,The little girl who was fed the lamb remained relatively calm despite having asked for beef.,the little girl who was fed the lamb remained relatively calm despite having asked for beef .,The little girl who was fed the lamb remained relatively calm despite having asked for beef.,,119,,,disambiguator,huang2024//16/MVRR_UAMB,1,8,,,"{""ambiguity"": ""unambiguous"", ""construction"": ""MVRR"", ""disamb_position_amb"": ""7"", ""disamb_position_unamb"": ""9"", ""disamb_word"": ""remained""}"
huang2024,,17,NPS_UAMB,huang2024//17/NPS_UAMB,The yoga instructor demonstrated that the position demanded immense physical effort from everyone.,the yoga instructor demonstrated that the position demanded immense physical effort from everyone .,The yoga instructor demonstrated that the position demanded immense physical effort from everyone.,,120,,,disambiguator,huang2024//17/NPS_UAMB,1,7,,,"{""ambiguity"": ""unambiguous"", ""construction"": ""NPS"", ""disamb_position_amb"": ""7"", ""disamb_position_unamb"": ""8"", ""disamb_word"": ""demanded""}"
huang2024,,17,NPZ_UAMB,huang2024//17/NPZ_UAMB,"Before the yoga instructor left, the position demanded immense physical effort from everyone.","before the yoga instructor left , the position demanded immense physical effort from everyone .","Before the yoga instructor left, the position demanded immense physical effort from everyone.",,121,,,disambiguator,huang2024//17/NPZ_UAMB,1,7,,,"{""ambiguity"": ""unambiguous"", ""construction"": ""NPZ"", ""disamb_position_amb"": ""8"", ""disamb_position_unamb"": ""8"", ""disamb_word"": ""demanded""}"
huang2024,,17,MVRR_UAMB,huang2024//17/MVRR_UAMB,The yoga instructor who was offered the position demanded immense physical effort from everyone.,the yoga instructor who was offered the position demanded immense physical effort from everyone .,The yoga instructor who was offered the position demanded immense physical effort from everyone.,,122,,,disambiguator,huang2024//17/MVRR_UAMB,1,8,,,"{""ambiguity"": ""unambiguous"", ""construction"": ""MVRR"", ""disamb_position_amb"": ""7"", ""disamb_position_unamb"": ""9"", ""disamb_word"": ""demanded""}"
huang2024,,18,NPS_UAMB,huang2024//18/NPS_UAMB,The governor noticed that the contract received sweeping support across the entire state.,the governor noticed that the contract received sweeping support across the entire state .,The governor noticed that the contract received sweeping support across the entire state.,,123,,,disambiguator,huang2024//18/NPS_UAMB,1,6,,,"{""ambiguity"": ""unambiguous"", ""construction"": ""NPS"", ""disamb_position_amb"": ""6"", ""disamb_position_unamb"": ""7"", ""disamb_word"": ""received""}"
huang2024,,18,NPZ_UAMB,huang2024//18/NPZ_UAMB,"While the governor read, the contract received sweeping support from the audience at the rally.","while the governor read , the contract received sweeping support from the audience at the rally .","While the governor read, the contract received sweeping support from the audience at the rally.",,124,,,disambiguator,huang2024//18/NPZ_UAMB,1,6,,,"{""ambiguity"": ""unambiguous"", ""construction"": ""NPZ"", ""disamb_position_amb"": ""7"", ""disamb_position_unamb"": ""7"", ""disamb_word"": ""received""}"
huang2024,,18,MVRR_UAMB,huang2024//18/MVRR_UAMB,The governor who was awarded the contract received sweeping support across the entire state.,the governor who was awarded the contract received sweeping support across the entire state .,The governor who was awarded the contract received sweeping support across the entire state.,,125,,,disambiguator,huang2024//18/MVRR_UAMB,1,7,,,"{""ambiguity"": ""unambiguous"", ""construction"": ""MVRR"", ""disamb_position_amb"": ""6"", ""disamb_position_unamb"": ""8"", ""disamb_word"": ""received""}"
huang2024,,19,NPS_UAMB,huang2024//19/NPS_UAMB,The patient reported that the treatment continued causing uncomfortable side effects like nausea.,the patient reported that the treatment continued causing uncomfortable side effects like nausea .,The patient reported that the treatment continued causing uncomfortable side effects like nausea.,,126,,,disambiguator,huang2024//19/NPS_UAMB,1,6,,,"{""ambiguity"": ""unambiguous"", ""construction"": ""NPS"", ""disamb_position_amb"": ""6"", ""disamb_position_unamb"": ""7"", ""disamb_word"": ""continued""}"
huang2024,,19,NPZ_UAMB,huang2024//19/NPZ_UAMB,"Before the patient called, the treatment continued causing uncomfortable side effects like nausea.","before the patient called , the treatment continued causing uncomfortable side effects like nausea .","Before the patient called, the treatment continued causing uncomfortable side effects like nausea.",,127,,,disambiguator,huang2024//19/NPZ_UAMB,1,6,,,"{""ambiguity"": ""unambiguous"", ""construction"": ""NPZ"", ""disamb_position_amb"": ""7"", ""disamb_position_unamb"": ""7"", ""disamb_word"": ""continued""}"
huang2024,,19,MVRR_UAMB,huang2024//19/MVRR_UAMB,The patient who was refused the treatment continued causing uncomfortable scenes in the ER.,the patient who was refused the treatment continued causing uncomfortable scenes in the er .,The patient who was refused the treatment continued causing uncomfortable scenes in the ER.,,128,,,disambiguator,huang2024//19/MVRR_UAMB,1,7,,,"{""ambiguity"": ""unambiguous"", ""construction"": ""MVRR"", ""disamb_position_amb"": ""6"", ""disamb_position_unamb"": ""8"", ""disamb_word"": ""continued""}"
huang2024,,20,NPS_UAMB,huang2024//20/NPS_UAMB,The operator observed that the machine started working efficiently all of a sudden.,the operator observed that the machine started working efficiently all of a sudden .,The operator observed that the machine started working efficiently all of a sudden.,,129,,,disambiguator,huang2024//20/NPS_UAMB,1,6,,,"{""ambiguity"": ""unambiguous"", ""construction"": ""NPS"", ""disamb_position_amb"": ""6"", ""disamb_position_unamb"": ""7"", ""disamb_word"": ""started""}"
huang2024,,20,NPZ_UAMB,huang2024//20/NPZ_UAMB,"Once the operator stopped, the machine started working efficiently without any supervision.","once the operator stopped , the machine started working efficiently without any supervision .","Once the operator stopped, the machine started working efficiently without any supervision.",,130,,,disambiguator,huang2024//20/NPZ_UAMB,1,6,,,"{""ambiguity"": ""unambiguous"", ""construction"": ""NPZ"", ""disamb_position_amb"": ""7"", ""disamb_position_unamb"": ""7"", ""disamb_word"": ""started""}"
huang2024,,20,MVRR_UAMB,huang2024//20/MVRR_UAMB,The operator who was brought the machine started working efficiently with the added automation.,the operator who was brought the machine started working efficiently with the added automation .,The operator who was brought the machine started working efficiently with the added automation.,,131,,,disambiguator,huang2024//20/MVRR_UAMB,1,7,,,"{""ambiguity"": ""unambiguous"", ""construction"": ""MVRR"", ""disamb_position_amb"": ""6"", ""disamb_position_unamb"": ""8"", ""disamb_word"": ""started""}"
huang2024,,21,NPS_UAMB,huang2024//21/NPS_UAMB,The dancer knew that the ballet achieved incredible success for a small local production.,the dancer knew that the ballet achieved incredible success for a small local production .,The dancer knew that the ballet achieved incredible success for a small local production.,,132,,,disambiguator,huang2024//21/NPS_UAMB,1,6,,,"{""ambiguity"": ""unambiguous"", ""construction"": ""NPS"", ""disamb_position_amb"": ""6"", ""disamb_position_unamb"": ""7"", ""disamb_word"": ""achieved""}"
huang2024,,21,NPZ_UAMB,huang2024//21/NPZ_UAMB,"Once the dancer began, the ballet achieved incredible success for a show with a new performer.","once the dancer began , the ballet achieved incredible success for a show with a new performer .","Once the dancer began, the ballet achieved incredible success for a show with a new performer.",,133,,,disambiguator,huang2024//21/NPZ_UAMB,1,6,,,"{""ambiguity"": ""unambiguous"", ""construction"": ""NPZ"", ""disamb_position_amb"": ""7"", ""disamb_position_unamb"": ""7"", ""disamb_word"": ""achieved""}"
huang2024,,21,MVRR_UAMB,huang2024//21/MVRR_UAMB,The dancer who was assigned the ballet achieved incredible success for a new performer.,the dancer who was assigned the ballet achieved incredible success for a new performer .,The dancer who was assigned the ballet achieved incredible success for a new performer.,,134,,,disambiguator,huang2024//21/MVRR_UAMB,1,7,,,"{""ambiguity"": ""unambiguous"", ""construction"": ""MVRR"", ""disamb_position_amb"": ""6"", ""disamb_position_unamb"": ""8"", ""disamb_word"": ""achieved""}"
huang2024,,22,NPS_UAMB,huang2024//22/NPS_UAMB,The contestant revealed that the money became unavailable to him when the show's budget shrank.,the contestant revealed that the money became unavailable to him when the show's budget shrank .,The contestant revealed that the money became unavailable to him when the show's budget shrank.,,135,,,disambiguator,huang2024//22/NPS_UAMB,1,6,,,"{""ambiguity"": ""unambiguous"", ""construction"": ""NPS"", ""disamb_position_amb"": ""6"", ""disamb_position_unamb"": ""7"", ""disamb_word"": ""became""}"
huang2024,,22,NPZ_UAMB,huang2024//22/NPZ_UAMB,"After the contestant lost, the money became unavailable despite his previous three wins in a row.","after the contestant lost , the money became unavailable despite his previous three wins in a row .","After the contestant lost, the money became unavailable despite his previous three wins in a row.",,136,,,disambiguator,huang2024//22/NPZ_UAMB,1,6,,,"{""ambiguity"": ""unambiguous"", ""construction"": ""NPZ"", ""disamb_position_amb"": ""7"", ""disamb_position_unamb"": ""7"", ""disamb_word"": ""became""}"
huang2024,,22,MVRR_UAMB,huang2024//22/MVRR_UAMB,The contestant who was paid the money became unavailable and suddenly terminated his contract.,the contestant who was paid the money became unavailable and suddenly terminated his contract .,The contestant who was paid the money became unavailable and suddenly terminated his contract.,,137,,,disambiguator,huang2024//22/MVRR_UAMB,1,7,,,"{""ambiguity"": ""unambiguous"", ""construction"": ""MVRR"", ""disamb_position_amb"": ""6"", ""disamb_position_unamb"": ""8"", ""disamb_word"": ""became""}"
huang2024,,23,NPS_UAMB,huang2024//23/NPS_UAMB,The new chef claimed that the restaurant separated mediocre cooks from gifted ones.,the new chef claimed that the restaurant separated mediocre cooks from gifted ones .,The new chef claimed that the restaurant separated mediocre cooks from gifted ones.,,138,,,disambiguator,huang2024//23/NPS_UAMB,1,7,,,"{""ambiguity"": ""unambiguous"", ""construction"": ""NPS"", ""disamb_position_amb"": ""7"", ""disamb_position_unamb"": ""8"", ""disamb_word"": ""separated""}"
huang2024,,23,NPZ_UAMB,huang2024//23/NPZ_UAMB,"Once the new chef started, the restaurant separated mediocre cooks from gifted ones.","once the new chef started , the restaurant separated mediocre cooks from gifted ones .","Once the new chef started, the restaurant separated mediocre cooks from gifted ones.",,139,,,disambiguator,huang2024//23/NPZ_UAMB,1,7,,,"{""ambiguity"": ""unambiguous"", ""construction"": ""NPZ"", ""disamb_position_amb"": ""8"", ""disamb_position_unamb"": ""8"", ""disamb_word"": ""separated""}"
huang2024,,23,MVRR_UAMB,huang2024//23/MVRR_UAMB,The new chef who was offered the restaurant separated mediocre cooks from gifted ones.,the new chef who was offered the restaurant separated mediocre cooks from gifted ones .,The new chef who was offered the restaurant separated mediocre cooks from gifted ones.,,140,,,disambiguator,huang2024//23/MVRR_UAMB,1,8,,,"{""ambiguity"": ""unambiguous"", ""construction"": ""MVRR"", ""disamb_position_amb"": ""7"", ""disamb_position_unamb"": ""9"", ""disamb_word"": ""separated""}"
huang2024,,24,NPS_UAMB,huang2024//24/NPS_UAMB,The apprentice baker discovered that the oven produced smaller cakes because it heated too fast.,the apprentice baker discovered that the oven produced smaller cakes because it heated too fast .,The apprentice baker discovered that the oven produced smaller cakes because it heated too fast.,,141,,,disambiguator,huang2024//24/NPS_UAMB,1,7,,,"{""ambiguity"": ""unambiguous"", ""construction"": ""NPS"", ""disamb_position_amb"": ""7"", ""disamb_position_unamb"": ""8"", ""disamb_word"": ""produced""}"
huang2024,,24,NPZ_UAMB,huang2024//24/NPZ_UAMB,"When the apprentice baker worked, the oven produced smaller cakes because he lacked experience.","when the apprentice baker worked , the oven produced smaller cakes because he lacked experience .","When the apprentice baker worked, the oven produced smaller cakes because he lacked experience.",,142,,,disambiguator,huang2024//24/NPZ_UAMB,1,7,,,"{""ambiguity"": ""unambiguous"", ""construction"": ""NPZ"", ""disamb_position_amb"": ""8"", ""disamb_position_unamb"": ""8"", ""disamb_word"": ""produced""}"
huang2024,,24,MVRR_UAMB,huang2024//24/MVRR_UAMB,The apprentice baker who was assigned the oven produced smaller cakes because he lacked experience.,the apprentice baker who was assigned the oven produced smaller cakes because he lacked experience .,The apprentice baker who was assigned the oven produced smaller cakes because he lacked experience.,,143,,,disambiguator,huang2024//24/MVRR_UAMB,1,8,,,"{""ambiguity"": ""unambiguous"", ""construction"": ""MVRR"", ""disamb_position_amb"": ""7"", ""disamb_position_unamb"": ""9"", ""disamb_word"": ""produced""}"
