dataset,subset,item_id,condition,stim_uid,sentence_orig,sentence_norm,model_input,context,sentence_id,plausibility,is_grammatical,contrast,intended_uid,intended_text,edit_type,edit_ops,edit_from,edit_to,critical_word_idx,comprehension_q,correct_answer,meta
tabor2004,,e1_1,nonreduced_global,tabor2004//e1_1/nonreduced_global,The kindergartners liked the little girl who was chosen a toy by her parents.,the kindergartners liked the little girl who was chosen a toy by her parents .,The kindergartners liked the little girl who was chosen a toy by her parents.,,0,,,relativizer,tabor2004//e1_1/nonreduced_global,The kindergartners liked the little girl who was chosen a toy by her parents.,none,,,,8,Who chose a toy?,A little girl's parents,"{""answer_options"": [""Kindergartners"", ""A little girl"", "" A girl's parents""], ""coherence"": ""global"", ""experiment"": ""exp1"", ""participle"": ""chosen"", ""reduced_rel"": ""nonreduced"", ""relativizer"": ""who was"", ""src_orc"": ""NA""}"
tabor2004,,e1_1,reduced_global,tabor2004//e1_1/reduced_global,The kindergartners liked the little girl chosen a toy by her parents.,the kindergartners liked the little girl chosen a toy by her parents .,The kindergartners liked the little girl chosen a toy by her parents.,,1,,,relativizer,tabor2004//e1_1/nonreduced_global,The kindergartners liked the little girl who was chosen a toy by her parents.,ins,ins,,who was,6,Who chose a toy?,A little girl's parents,"{""answer_options"": [""Kindergartners"", ""A little girl"", "" A girl's parents""], ""coherence"": ""global"", ""experiment"": ""exp1"", ""participle"": ""chosen"", ""reduced_rel"": ""reduced"", ""relativizer"": ""who was"", ""src_orc"": ""NA""}"
tabor2004,,e1_1,nonreduced_local,tabor2004//e1_1/nonreduced_local,The kindergartners liked the little girl who was brought a toy by her parents.,the kindergartners liked the little girl who was brought a toy by her parents .,The kindergartners liked the little girl who was brought a toy by her parents.,,2,,,relativizer,tabor2004//e1_1/nonreduced_local,The kindergartners liked the little girl who was brought a toy by her parents.,none,,,,8,Who brought a toy?,A little girl's parents,"{""answer_options"": [""Kindergartners"", ""A little girl"", "" A girl's parents""], ""coherence"": ""local"", ""experiment"": ""exp1"", ""participle"": ""brought"", ""reduced_rel"": ""nonreduced"", ""relativizer"": ""who was"", ""src_orc"": ""NA""}"
tabor2004,,e1_1,reduced_local,tabor2004//e1_1/reduced_local,The kindergartners liked the little girl brought a toy by her parents.,the kindergartners liked the little girl brought a toy by her parents .,The kindergartners liked the little girl brought a toy by her parents.,,3,,,relativizer,tabor2004//e1_1/nonreduced_local,The kindergartners liked the little girl who was brought a toy by her parents.,ins,ins,,who was,6,Who brought a toy?,A little girl's parents,"{""answer_options"": [""Kindergartners"", ""A little girl"", "" A girl's parents""], ""coherence"": ""local"", ""experiment"": ""exp1"", ""participle"": ""brought"", ""reduced_rel"": ""reduced"", ""relativizer"": ""who was"", ""src_orc"": ""NA""}"
tabor2004,,e1_2,nonreduced_global,tabor2004//e1_2/nonreduced_global,We saw a movie about an artist who was drawn a picture by her father.,we saw a movie about an artist who was drawn a picture by her father .,We saw a movie about an artist who was drawn a picture by her father.,,4,,,relativizer,tabor2004//e1_2/nonreduced_global,We saw a movie about an artist who was drawn a picture by her father.,none,,,,9,Who drew a picture?,An artist's father,"{""answer_options"": [""We did"", ""An artist"", ""An artist's father""], ""coherence"": ""global"", ""experiment"": ""exp1"", ""participle"": ""drawn"", ""reduced_rel"": ""nonreduced"", ""relativizer"": ""who was"", ""src_orc"": ""NA""}"
tabor2004,,e1_2,reduced_global,tabor2004//e1_2/reduced_global,We saw a movie about an artist drawn a picture by her father.,we saw a movie about an artist drawn a picture by her father .,We saw a movie about an artist drawn a picture by her father.,,5,,,relativizer,tabor2004//e1_2/nonreduced_global,We saw a movie about an artist who was drawn a picture by her father.,ins,ins,,who was,7,Who drew a picture?,An artist's father,"{""answer_options"": [""We did"", ""An artist"", ""An artist's father""], ""coherence"": ""global"", ""experiment"": ""exp1"", ""participle"": ""drawn"", ""reduced_rel"": ""reduced"", ""relativizer"": ""who was"", ""src_orc"": ""NA""}"
tabor2004,,e1_2,nonreduced_local,tabor2004//e1_2/nonreduced_local,We saw a movie about an artist who was painted a picture by her father.,we saw a movie about an artist who was painted a picture by her father .,We saw a movie about an artist who was painted a picture by her father.,,6,,,relativizer,tabor2004//e1_2/nonreduced_local,We saw a movie about an artist who was painted a picture by her father.,none,,,,9,Who painted a picture?,An artist's father,"{""answer_options"": [""We did"", ""An artist"", ""An artist's father""], ""coherence"": ""local"", ""experiment"": ""exp1"", ""participle"": ""painted"", ""reduced_rel"": ""nonreduced"", ""relativizer"": ""who was"", ""src_orc"": ""NA""}"
tabor2004,,e1_2,reduced_local,tabor2004//e1_2/reduced_local,We saw a movie about an artist painted a picture by her father.,we saw a movie about an artist painted a picture by her father .,We saw a movie about an artist painted a picture by her father.,,7,,,relativizer,tabor2004//e1_2/nonreduced_local,We saw a movie about an artist who was painted a picture by her father.,ins,ins,,who was,7,Who painted a picture?,An artist's father,"{""answer_options"": [""We did"", ""An artist"", ""An artist's father""], ""coherence"": ""local"", ""experiment"": ""exp1"", ""participle"": ""painted"", ""reduced_rel"": ""reduced"", ""relativizer"": ""who was"", ""src_orc"": ""NA""}"
tabor2004,,e1_3,nonreduced_global,tabor2004//e1_3/nonreduced_global,The health officials pounced on a restaurant which was flown a shipment of salmon by a company.,the health officials pounced on a restaurant which was flown a shipment of salmon by a company .,The health officials pounced on a restaurant which was flown a shipment of salmon by a company.,,8,,,relativizer,tabor2004//e1_3/nonreduced_global,The health officials pounced on a restaurant which was flown a shipment of salmon by a company.,none,,,,9,Who flew a shipment of salmon?,A company,"{""answer_options"": [""Some health officials"", ""A restaurant"", ""A company""], ""coherence"": ""global"", ""experiment"": ""exp1"", ""participle"": ""flown"", ""reduced_rel"": ""nonreduced"", ""relativizer"": ""which was"", ""src_orc"": ""NA""}"
tabor2004,,e1_3,reduced_global,tabor2004//e1_3/reduced_global,The health officials pounced on a restaurant flown a shipment of salmon by a company.,the health officials pounced on a restaurant flown a shipment of salmon by a company .,The health officials pounced on a restaurant flown a shipment of salmon by a company.,,9,,,relativizer,tabor2004//e1_3/nonreduced_global,The health officials pounced on a restaurant which was flown a shipment of salmon by a company.,ins,ins,,which was,7,Who flew a shipment of salmon?,A company,"{""answer_options"": [""Some health officials"", ""A restaurant"", ""A company""], ""coherence"": ""global"", ""experiment"": ""exp1"", ""participle"": ""flown"", ""reduced_rel"": ""reduced"", ""relativizer"": ""which was"", ""src_orc"": ""NA""}"
tabor2004,,e1_3,nonreduced_local,tabor2004//e1_3/nonreduced_local,The health officials pounced on a restaurant which was sent a shipment of salmon by a company.,the health officials pounced on a restaurant which was sent a shipment of salmon by a company .,The health officials pounced on a restaurant which was sent a shipment of salmon by a company.,,10,,,relativizer,tabor2004//e1_3/nonreduced_local,The health officials pounced on a restaurant which was sent a shipment of salmon by a company.,none,,,,9,Who sent a shipment of salmon?,A company,"{""answer_options"": [""Some health officials"", ""A restaurant"", ""A company""], ""coherence"": ""local"", ""experiment"": ""exp1"", ""participle"": ""sent"", ""reduced_rel"": ""nonreduced"", ""relativizer"": ""which was"", ""src_orc"": ""NA""}"
tabor2004,,e1_3,reduced_local,tabor2004//e1_3/reduced_local,The health officials pounced on a restaurant sent a shipment of salmon by a company.,the health officials pounced on a restaurant sent a shipment of salmon by a company .,The health officials pounced on a restaurant sent a shipment of salmon by a company.,,11,,,relativizer,tabor2004//e1_3/nonreduced_local,The health officials pounced on a restaurant which was sent a shipment of salmon by a company.,ins,ins,,which was,7,Who sent a shipment of salmon?,A company,"{""answer_options"": [""Some health officials"", ""A restaurant"", ""A company""], ""coherence"": ""local"", ""experiment"": ""exp1"", ""participle"": ""sent"", ""reduced_rel"": ""reduced"", ""relativizer"": ""which was"", ""src_orc"": ""NA""}"
tabor2004,,e1_4,nonreduced_global,tabor2004//e1_4/nonreduced_global,"At the dinner party, I met a man who was forbidden the pleasure of eating sweets by his doctor.","at the dinner party , i met a man who was forbidden the pleasure of eating sweets by his doctor .","At the dinner party, I met a man who was forbidden the pleasure of eating sweets by his doctor.",,12,,,relativizer,tabor2004//e1_4/nonreduced_global,"At the dinner party, I met a man who was forbidden the pleasure of eating sweets by his doctor.",none,,,,10,Who forbid something?,A man's doctor,"{""answer_options"": [""I did"", ""A man"", ""A man's doctor""], ""coherence"": ""global"", ""experiment"": ""exp1"", ""participle"": ""forbidden"", ""reduced_rel"": ""nonreduced"", ""relativizer"": ""who was"", ""src_orc"": ""NA""}"
tabor2004,,e1_4,reduced_global,tabor2004//e1_4/reduced_global,"At the dinner party, I met a man forbidden the pleasure of eating sweets by his doctor.","at the dinner party , i met a man forbidden the pleasure of eating sweets by his doctor .","At the dinner party, I met a man forbidden the pleasure of eating sweets by his doctor.",,13,,,relativizer,tabor2004//e1_4/nonreduced_global,"At the dinner party, I met a man who was forbidden the pleasure of eating sweets by his doctor.",ins,ins,,who was,8,Who forbid something?,A man's doctor,"{""answer_options"": [""I did"", ""A man"", ""A man's doctor""], ""coherence"": ""global"", ""experiment"": ""exp1"", ""participle"": ""forbidden"", ""reduced_rel"": ""reduced"", ""relativizer"": ""who was"", ""src_orc"": ""NA""}"
tabor2004,,e1_4,nonreduced_local,tabor2004//e1_4/nonreduced_local,"At the dinner party, I met a man who was allowed the pleasure of eating sweets by his doctor.","at the dinner party , i met a man who was allowed the pleasure of eating sweets by his doctor .","At the dinner party, I met a man who was allowed the pleasure of eating sweets by his doctor.",,14,,,relativizer,tabor2004//e1_4/nonreduced_local,"At the dinner party, I met a man who was allowed the pleasure of eating sweets by his doctor.",none,,,,10,Who allowed something?,A man's doctor,"{""answer_options"": [""I did"", ""A man"", ""A man's doctor""], ""coherence"": ""local"", ""experiment"": ""exp1"", ""participle"": ""allowed"", ""reduced_rel"": ""nonreduced"", ""relativizer"": ""who was"", ""src_orc"": ""NA""}"
tabor2004,,e1_4,reduced_local,tabor2004//e1_4/reduced_local,"At the dinner party, I met a man allowed the pleasure of eating sweets by his doctor.","at the dinner party , i met a man allowed the pleasure of eating sweets by his doctor .","At the dinner party, I met a man allowed the pleasure of eating sweets by his doctor.",,15,,,relativizer,tabor2004//e1_4/nonreduced_local,"At the dinner party, I met a man who was allowed the pleasure of eating sweets by his doctor.",ins,ins,,who was,8,Who allowed something?,A man's doctor,"{""answer_options"": [""I did"", ""A man"", ""A man's doctor""], ""coherence"": ""local"", ""experiment"": ""exp1"", ""participle"": ""allowed"", ""reduced_rel"": ""reduced"", ""relativizer"": ""who was"", ""src_orc"": ""NA""}"
tabor2004,,e1_5,nonreduced_global,tabor2004//e1_5/nonreduced_global,One should respect a man who is forgiven his sins by his own god.,one should respect a man who is forgiven his sins by his own god .,One should respect a man who is forgiven his sins by his own god.,,16,,,relativizer,tabor2004//e1_5/nonreduced_global,One should respect a man who is forgiven his sins by his own god.,none,,,,7,Who forgave sins?,A man's god,"{""answer_options"": [""Someone did"", ""A man"", ""A man's god""], ""coherence"": ""global"", ""experiment"": ""exp1"", ""participle"": ""forgiven"", ""reduced_rel"": ""nonreduced"", ""relativizer"": ""who is"", ""src_orc"": ""NA""}"
tabor2004,,e1_5,reduced_global,tabor2004//e1_5/reduced_global,One should respect a man forgiven his sins by his own god.,one should respect a man forgiven his sins by his own god .,One should respect a man forgiven his sins by his own god.,,17,,,relativizer,tabor2004//e1_5/nonreduced_global,One should respect a man who is forgiven his sins by his own god.,ins,ins,,who is,5,Who forgave sins?,A man's god,"{""answer_options"": [""Someone did"", ""A man"", ""A man's god""], ""coherence"": ""global"", ""experiment"": ""exp1"", ""participle"": ""forgiven"", ""reduced_rel"": ""reduced"", ""relativizer"": ""who is"", ""src_orc"": ""NA""}"
tabor2004,,e1_5,nonreduced_local,tabor2004//e1_5/nonreduced_local,One should respect a man who is told his sins by his own god.,one should respect a man who is told his sins by his own god .,One should respect a man who is told his sins by his own god.,,18,,,relativizer,tabor2004//e1_5/nonreduced_local,One should respect a man who is told his sins by his own god.,none,,,,7,Who told sins?,A man's god,"{""answer_options"": [""Someone did"", ""A man"", ""A man's god""], ""coherence"": ""local"", ""experiment"": ""exp1"", ""participle"": ""told"", ""reduced_rel"": ""nonreduced"", ""relativizer"": ""who is"", ""src_orc"": ""NA""}"
tabor2004,,e1_5,reduced_local,tabor2004//e1_5/reduced_local,One should respect a man told his sins by his own god.,one should respect a man told his sins by his own god .,One should respect a man told his sins by his own god.,,19,,,relativizer,tabor2004//e1_5/nonreduced_local,One should respect a man who is told his sins by his own god.,ins,ins,,who is,5,Who told sins?,A man's god,"{""answer_options"": [""Someone did"", ""A man"", ""A man's god""], ""coherence"": ""local"", ""experiment"": ""exp1"", ""participle"": ""told"", ""reduced_rel"": ""reduced"", ""relativizer"": ""who is"", ""src_orc"": ""NA""}"
tabor2004,,e1_6,nonreduced_global,tabor2004//e1_6/nonreduced_global,An elderly gentleman addressed the woman who was given a beer by the hostess.,an elderly gentleman addressed the woman who was given a beer by the hostess .,An elderly gentleman addressed the woman who was given a beer by the hostess.,,20,,,relativizer,tabor2004//e1_6/nonreduced_global,An elderly gentleman addressed the woman who was given a beer by the hostess.,none,,,,8,Who gave a beer?,A hostess,"{""answer_options"": [""An elderly gentleman"", ""A woman"", ""A hostess""], ""coherence"": ""global"", ""experiment"": ""exp1"", ""participle"": ""given"", ""reduced_rel"": ""nonreduced"", ""relativizer"": ""who was"", ""src_orc"": ""NA""}"
tabor2004,,e1_6,reduced_global,tabor2004//e1_6/reduced_global,An elderly gentleman addressed the woman given a beer by the hostess.,an elderly gentleman addressed the woman given a beer by the hostess .,An elderly gentleman addressed the woman given a beer by the hostess.,,21,,,relativizer,tabor2004//e1_6/nonreduced_global,An elderly gentleman addressed the woman who was given a beer by the hostess.,ins,ins,,who was,6,Who gave a beer?,A hostess,"{""answer_options"": [""An elderly gentleman"", ""A woman"", ""A hostess""], ""coherence"": ""global"", ""experiment"": ""exp1"", ""participle"": ""given"", ""reduced_rel"": ""reduced"", ""relativizer"": ""who was"", ""src_orc"": ""NA""}"
tabor2004,,e1_6,nonreduced_local,tabor2004//e1_6/nonreduced_local,An elderly gentleman addressed the woman who was offered a beer by the hostess.,an elderly gentleman addressed the woman who was offered a beer by the hostess .,An elderly gentleman addressed the woman who was offered a beer by the hostess.,,22,,,relativizer,tabor2004//e1_6/nonreduced_local,An elderly gentleman addressed the woman who was offered a beer by the hostess.,none,,,,8,Who offered a beer?,A hostess,"{""answer_options"": [""An elderly gentleman"", ""A woman"", ""A hostess""], ""coherence"": ""local"", ""experiment"": ""exp1"", ""participle"": ""offered"", ""reduced_rel"": ""nonreduced"", ""relativizer"": ""who was"", ""src_orc"": ""NA""}"
tabor2004,,e1_6,reduced_local,tabor2004//e1_6/reduced_local,An elderly gentleman addressed the woman offered a beer by the hostess.,an elderly gentleman addressed the woman offered a beer by the hostess .,An elderly gentleman addressed the woman offered a beer by the hostess.,,23,,,relativizer,tabor2004//e1_6/nonreduced_local,An elderly gentleman addressed the woman who was offered a beer by the hostess.,ins,ins,,who was,6,Who offered a beer?,A hostess,"{""answer_options"": [""An elderly gentleman"", ""A woman"", ""A hostess""], ""coherence"": ""local"", ""experiment"": ""exp1"", ""participle"": ""offered"", ""reduced_rel"": ""reduced"", ""relativizer"": ""who was"", ""src_orc"": ""NA""}"
tabor2004,,e1_8,nonreduced_global,tabor2004//e1_8/nonreduced_global,The manager watched a waiter who was given pea soup by a trainee.,the manager watched a waiter who was given pea soup by a trainee .,The manager watched a waiter who was given pea soup by a trainee.,,24,,,relativizer,tabor2004//e1_8/nonreduced_global,The manager watched a waiter who was given pea soup by a trainee.,none,,,,7,Who gave pea soup?,A trainee,"{""answer_options"": [""A manager"", ""A waiter"", ""A trainee""], ""coherence"": ""global"", ""experiment"": ""exp1"", ""participle"": ""given"", ""reduced_rel"": ""nonreduced"", ""relativizer"": ""who was"", ""src_orc"": ""NA""}"
tabor2004,,e1_8,reduced_global,tabor2004//e1_8/reduced_global,The manager watched a waiter given pea soup by a trainee.,the manager watched a waiter given pea soup by a trainee .,The manager watched a waiter given pea soup by a trainee.,,25,,,relativizer,tabor2004//e1_8/nonreduced_global,The manager watched a waiter who was given pea soup by a trainee.,ins,ins,,who was,5,Who gave pea soup?,A trainee,"{""answer_options"": [""A manager"", ""A waiter"", ""A trainee""], ""coherence"": ""global"", ""experiment"": ""exp1"", ""participle"": ""given"", ""reduced_rel"": ""reduced"", ""relativizer"": ""who was"", ""src_orc"": ""NA""}"
tabor2004,,e1_8,nonreduced_local,tabor2004//e1_8/nonreduced_local,The manager watched a waiter who was served pea soup by a trainee.,the manager watched a waiter who was served pea soup by a trainee .,The manager watched a waiter who was served pea soup by a trainee.,,26,,,relativizer,tabor2004//e1_8/nonreduced_local,The manager watched a waiter who was served pea soup by a trainee.,none,,,,7,Who served pea soup?,A trainee,"{""answer_options"": [""A manager"", ""A waiter"", ""A trainee""], ""coherence"": ""local"", ""experiment"": ""exp1"", ""participle"": ""served"", ""reduced_rel"": ""nonreduced"", ""relativizer"": ""who was"", ""src_orc"": ""NA""}"
tabor2004,,e1_8,reduced_local,tabor2004//e1_8/reduced_local,The manager watched a waiter served pea soup by a trainee.,the manager watched a waiter served pea soup by a trainee .,The manager watched a waiter served pea soup by a trainee.,,27,,,relativizer,tabor2004//e1_8/nonreduced_local,The manager watched a waiter who was served pea soup by a trainee.,ins,ins,,who was,5,Who served pea soup?,A trainee,"{""answer_options"": [""A manager"", ""A waiter"", ""A trainee""], ""coherence"": ""local"", ""experiment"": ""exp1"", ""participle"": ""served"", ""reduced_rel"": ""reduced"", ""relativizer"": ""who was"", ""src_orc"": ""NA""}"
tabor2004,,e1_10,nonreduced_global,tabor2004//e1_10/nonreduced_global,The foreman yelled at a carpenter who was sawn a board by his buddy.,the foreman yelled at a carpenter who was sawn a board by his buddy .,The foreman yelled at a carpenter who was sawn a board by his buddy.,,28,,,relativizer,tabor2004//e1_10/nonreduced_global,The foreman yelled at a carpenter who was sawn a board by his buddy.,none,,,,8,Who sawed a board?,A carpenter's buddy,"{""answer_options"": [""A foreman"", ""A carpenter"", ""A carpenter's buddy""], ""coherence"": ""global"", ""experiment"": ""exp1"", ""participle"": ""sawn"", ""reduced_rel"": ""nonreduced"", ""relativizer"": ""who was"", ""src_orc"": ""NA""}"
tabor2004,,e1_10,reduced_global,tabor2004//e1_10/reduced_global,The foreman yelled at a carpenter sawn a board by his buddy.,the foreman yelled at a carpenter sawn a board by his buddy .,The foreman yelled at a carpenter sawn a board by his buddy.,,29,,,relativizer,tabor2004//e1_10/nonreduced_global,The foreman yelled at a carpenter who was sawn a board by his buddy.,ins,ins,,who was,6,Who sawed a board?,A carpenter's buddy,"{""answer_options"": [""A foreman"", ""A carpenter"", ""A carpenter's buddy""], ""coherence"": ""global"", ""experiment"": ""exp1"", ""participle"": ""sawn"", ""reduced_rel"": ""reduced"", ""relativizer"": ""who was"", ""src_orc"": ""NA""}"
tabor2004,,e1_10,nonreduced_local,tabor2004//e1_10/nonreduced_local,The foreman yelled at a carpenter who was cut a board by his buddy.,the foreman yelled at a carpenter who was cut a board by his buddy .,The foreman yelled at a carpenter who was cut a board by his buddy.,,30,,,relativizer,tabor2004//e1_10/nonreduced_local,The foreman yelled at a carpenter who was cut a board by his buddy.,none,,,,8,Who cut a board?,A carpenter's buddy,"{""answer_options"": [""A foreman"", ""A carpenter"", ""A carpenter's buddy""], ""coherence"": ""local"", ""experiment"": ""exp1"", ""participle"": ""cut"", ""reduced_rel"": ""nonreduced"", ""relativizer"": ""who was"", ""src_orc"": ""NA""}"
tabor2004,,e1_10,reduced_local,tabor2004//e1_10/reduced_local,The foreman yelled at a carpenter cut a board by his buddy.,the foreman yelled at a carpenter cut a board by his buddy .,The foreman yelled at a carpenter cut a board by his buddy.,,31,,,relativizer,tabor2004//e1_10/nonreduced_local,The foreman yelled at a carpenter who was cut a board by his buddy.,ins,ins,,who was,6,Who cut a board?,A carpenter's buddy,"{""answer_options"": [""A foreman"", ""A carpenter"", ""A carpenter's buddy""], ""coherence"": ""local"", ""experiment"": ""exp1"", ""participle"": ""cut"", ""reduced_rel"": ""reduced"", ""relativizer"": ""who was"", ""src_orc"": ""NA""}"
tabor2004,,e1_11,nonreduced_global,tabor2004//e1_11/nonreduced_global,The preschool teacher congratulated the little boy who was sewn a hat by his grandmother.,the preschool teacher congratulated the little boy who was sewn a hat by his grandmother .,The preschool teacher congratulated the little boy who was sewn a hat by his grandmother.,,32,,,relativizer,tabor2004//e1_11/nonreduced_global,The preschool teacher congratulated the little boy who was sewn a hat by his grandmother.,none,,,,9,Who sewed a hat?,A little boy's grandmother,"{""answer_options"": [""A preschool teacher"", ""A little boy"", ""A little boy's grandmother""], ""coherence"": ""global"", ""experiment"": ""exp1"", ""participle"": ""sewn"", ""reduced_rel"": ""nonreduced"", ""relativizer"": ""who was"", ""src_orc"": ""NA""}"
tabor2004,,e1_11,reduced_global,tabor2004//e1_11/reduced_global,The preschool teacher congratulated the little boy sewn a hat by his grandmother.,the preschool teacher congratulated the little boy sewn a hat by his grandmother .,The preschool teacher congratulated the little boy sewn a hat by his grandmother.,,33,,,relativizer,tabor2004//e1_11/nonreduced_global,The preschool teacher congratulated the little boy who was sewn a hat by his grandmother.,ins,ins,,who was,7,Who sewed a hat?,A little boy's grandmother,"{""answer_options"": [""A preschool teacher"", ""A little boy"", ""A little boy's grandmother""], ""coherence"": ""global"", ""experiment"": ""exp1"", ""participle"": ""sewn"", ""reduced_rel"": ""reduced"", ""relativizer"": ""who was"", ""src_orc"": ""NA""}"
tabor2004,,e1_11,nonreduced_local,tabor2004//e1_11/nonreduced_local,The preschool teacher congratulated the little boy who was knitted a hat by his grandmother.,the preschool teacher congratulated the little boy who was knitted a hat by his grandmother .,The preschool teacher congratulated the little boy who was knitted a hat by his grandmother.,,34,,,relativizer,tabor2004//e1_11/nonreduced_local,The preschool teacher congratulated the little boy who was knitted a hat by his grandmother.,none,,,,9,Who knitted a hat?,A little boy's grandmother,"{""answer_options"": [""A preschool teacher"", ""A little boy"", ""A little boy's grandmother""], ""coherence"": ""local"", ""experiment"": ""exp1"", ""participle"": ""knitted"", ""reduced_rel"": ""nonreduced"", ""relativizer"": ""who was"", ""src_orc"": ""NA""}"
tabor2004,,e1_11,reduced_local,tabor2004//e1_11/reduced_local,The preschool teacher congratulated the little boy knitted a hat by his grandmother.,the preschool teacher congratulated the little boy knitted a hat by his grandmother .,The preschool teacher congratulated the little boy knitted a hat by his grandmother.,,35,,,relativizer,tabor2004//e1_11/nonreduced_local,The preschool teacher congratulated the little boy who was knitted a hat by his grandmother.,ins,ins,,who was,7,Who knitted a hat?,A little boy's grandmother,"{""answer_options"": [""A preschool teacher"", ""A little boy"", ""A little boy's grandmother""], ""coherence"": ""local"", ""experiment"": ""exp1"", ""participle"": ""knitted"", ""reduced_rel"": ""reduced"", ""relativizer"": ""who was"", ""src_orc"": ""NA""}"
tabor2004,,e1_12,nonreduced_global,tabor2004//e1_12/nonreduced_global,The janitor chatted with the young man who was shown an apartment by his uncle.,the janitor chatted with the young man who was shown an apartment by his uncle .,The janitor chatted with the young man who was shown an apartment by his uncle.,,36,,,relativizer,tabor2004//e1_12/nonreduced_global,The janitor chatted with the young man who was shown an apartment by his uncle.,none,,,,9,Who showed an apartment?,A young man's uncle,"{""answer_options"": [""A janitor"", ""A young man"", ""A young man's uncle""], ""coherence"": ""global"", ""experiment"": ""exp1"", ""participle"": ""shown"", ""reduced_rel"": ""nonreduced"", ""relativizer"": ""who was"", ""src_orc"": ""NA""}"
tabor2004,,e1_12,reduced_global,tabor2004//e1_12/reduced_global,The janitor chatted with the young man shown an apartment by his uncle.,the janitor chatted with the young man shown an apartment by his uncle .,The janitor chatted with the young man shown an apartment by his uncle.,,37,,,relativizer,tabor2004//e1_12/nonreduced_global,The janitor chatted with the young man who was shown an apartment by his uncle.,ins,ins,,who was,7,Who showed an apartment?,A young man's uncle,"{""answer_options"": [""A janitor"", ""A young man"", ""A young man's uncle""], ""coherence"": ""global"", ""experiment"": ""exp1"", ""participle"": ""shown"", ""reduced_rel"": ""reduced"", ""relativizer"": ""who was"", ""src_orc"": ""NA""}"
tabor2004,,e1_12,nonreduced_local,tabor2004//e1_12/nonreduced_local,The janitor chatted with the young man who was rented an apartment by his uncle.,the janitor chatted with the young man who was rented an apartment by his uncle .,The janitor chatted with the young man who was rented an apartment by his uncle.,,38,,,relativizer,tabor2004//e1_12/nonreduced_local,The janitor chatted with the young man who was rented an apartment by his uncle.,none,,,,9,Who rented an apartment out?,A young man's uncle,"{""answer_options"": [""A janitor"", ""A young man"", ""A young man's uncle""], ""coherence"": ""local"", ""experiment"": ""exp1"", ""participle"": ""rented"", ""reduced_rel"": ""nonreduced"", ""relativizer"": ""who was"", ""src_orc"": ""NA""}"
tabor2004,,e1_12,reduced_local,tabor2004//e1_12/reduced_local,The janitor chatted with the young man rented an apartment by his uncle.,the janitor chatted with the young man rented an apartment by his uncle .,The janitor chatted with the young man rented an apartment by his uncle.,,39,,,relativizer,tabor2004//e1_12/nonreduced_local,The janitor chatted with the young man who was rented an apartment by his uncle.,ins,ins,,who was,7,Who rented an apartment out?,A young man's uncle,"{""answer_options"": [""A janitor"", ""A young man"", ""A young man's uncle""], ""coherence"": ""local"", ""experiment"": ""exp1"", ""participle"": ""rented"", ""reduced_rel"": ""reduced"", ""relativizer"": ""who was"", ""src_orc"": ""NA""}"
tabor2004,,e1_14,nonreduced_global,tabor2004//e1_14/nonreduced_global,The play centered around an innkeeper who was sung a verse by a traveling monk.,the play centered around an innkeeper who was sung a verse by a traveling monk .,The play centered around an innkeeper who was sung a verse by a traveling monk.,,40,,,relativizer,tabor2004//e1_14/nonreduced_global,The play centered around an innkeeper who was sung a verse by a traveling monk.,none,,,,8,Who sang a verse?,A traveling monk,"{""answer_options"": [""A play"", ""An innkeeper"", ""A traveling monk""], ""coherence"": ""global"", ""experiment"": ""exp1"", ""participle"": ""sung"", ""reduced_rel"": ""nonreduced"", ""relativizer"": ""who was"", ""src_orc"": ""NA""}"
tabor2004,,e1_14,reduced_global,tabor2004//e1_14/reduced_global,The play centered around an innkeeper sung a verse by a traveling monk.,the play centered around an innkeeper sung a verse by a traveling monk .,The play centered around an innkeeper sung a verse by a traveling monk.,,41,,,relativizer,tabor2004//e1_14/nonreduced_global,The play centered around an innkeeper who was sung a verse by a traveling monk.,ins,ins,,who was,6,Who sang a verse?,A traveling monk,"{""answer_options"": [""A play"", ""An innkeeper"", ""A traveling monk""], ""coherence"": ""global"", ""experiment"": ""exp1"", ""participle"": ""sung"", ""reduced_rel"": ""reduced"", ""relativizer"": ""who was"", ""src_orc"": ""NA""}"
tabor2004,,e1_14,nonreduced_local,tabor2004//e1_14/nonreduced_local,The play centered around an innkeeper who was recited a verse by a traveling monk.,the play centered around an innkeeper who was recited a verse by a traveling monk .,The play centered around an innkeeper who was recited a verse by a traveling monk.,,42,,,relativizer,tabor2004//e1_14/nonreduced_local,The play centered around an innkeeper who was recited a verse by a traveling monk.,none,,,,8,Who recited a verse?,A traveling monk,"{""answer_options"": [""A play"", ""An innkeeper"", ""A traveling monk""], ""coherence"": ""local"", ""experiment"": ""exp1"", ""participle"": ""recited"", ""reduced_rel"": ""nonreduced"", ""relativizer"": ""who was"", ""src_orc"": ""NA""}"
tabor2004,,e1_14,reduced_local,tabor2004//e1_14/reduced_local,The play centered around an innkeeper recited a verse by a traveling monk.,the play centered around an innkeeper recited a verse by a traveling monk .,The play centered around an innkeeper recited a verse by a traveling monk.,,43,,,relativizer,tabor2004//e1_14/nonreduced_local,The play centered around an innkeeper who was recited a verse by a traveling monk.,ins,ins,,who was,6,Who recited a verse?,A traveling monk,"{""answer_options"": [""A play"", ""An innkeeper"", ""A traveling monk""], ""coherence"": ""local"", ""experiment"": ""exp1"", ""participle"": ""recited"", ""reduced_rel"": ""reduced"", ""relativizer"": ""who was"", ""src_orc"": ""NA""}"
tabor2004,,e1_15,nonreduced_global,tabor2004//e1_15/nonreduced_global,The hotel owner questioned a guest who was taken a drink by the bellboy.,the hotel owner questioned a guest who was taken a drink by the bellboy .,The hotel owner questioned a guest who was taken a drink by the bellboy.,,44,,,relativizer,tabor2004//e1_15/nonreduced_global,The hotel owner questioned a guest who was taken a drink by the bellboy.,none,,,,8,Who took a drink?,A bellboy,"{""answer_options"": [""A hotel owner"", ""A guest"", ""A bellboy""], ""coherence"": ""global"", ""experiment"": ""exp1"", ""participle"": ""taken"", ""reduced_rel"": ""nonreduced"", ""relativizer"": ""who was"", ""src_orc"": ""NA""}"
tabor2004,,e1_15,reduced_global,tabor2004//e1_15/reduced_global,The hotel owner questioned a guest taken a drink by the bellboy.,the hotel owner questioned a guest taken a drink by the bellboy .,The hotel owner questioned a guest taken a drink by the bellboy.,,45,,,relativizer,tabor2004//e1_15/nonreduced_global,The hotel owner questioned a guest who was taken a drink by the bellboy.,ins,ins,,who was,6,Who took a drink?,A bellboy,"{""answer_options"": [""A hotel owner"", ""A guest"", ""A bellboy""], ""coherence"": ""global"", ""experiment"": ""exp1"", ""participle"": ""taken"", ""reduced_rel"": ""reduced"", ""relativizer"": ""who was"", ""src_orc"": ""NA""}"
tabor2004,,e1_15,nonreduced_local,tabor2004//e1_15/nonreduced_local,The hotel owner questioned a guest who was brought a drink by the bellboy.,the hotel owner questioned a guest who was brought a drink by the bellboy .,The hotel owner questioned a guest who was brought a drink by the bellboy.,,46,,,relativizer,tabor2004//e1_15/nonreduced_local,The hotel owner questioned a guest who was brought a drink by the bellboy.,none,,,,8,Who brought a drink?,A bellboy,"{""answer_options"": [""A hotel owner"", ""A guest"", ""A bellboy""], ""coherence"": ""local"", ""experiment"": ""exp1"", ""participle"": ""brought"", ""reduced_rel"": ""nonreduced"", ""relativizer"": ""who was"", ""src_orc"": ""NA""}"
tabor2004,,e1_15,reduced_local,tabor2004//e1_15/reduced_local,The hotel owner questioned a guest brought a drink by the bellboy.,the hotel owner questioned a guest brought a drink by the bellboy .,The hotel owner questioned a guest brought a drink by the bellboy.,,47,,,relativizer,tabor2004//e1_15/nonreduced_local,The hotel owner questioned a guest who was brought a drink by the bellboy.,ins,ins,,who was,6,Who brought a drink?,A bellboy,"{""answer_options"": [""A hotel owner"", ""A guest"", ""A bellboy""], ""coherence"": ""local"", ""experiment"": ""exp1"", ""participle"": ""brought"", ""reduced_rel"": ""reduced"", ""relativizer"": ""who was"", ""src_orc"": ""NA""}"
tabor2004,,e1_16,nonreduced_global,tabor2004//e1_16/nonreduced_global,The coach smiled at the player who was thrown a frisbee by the opposing team.,the coach smiled at the player who was thrown a frisbee by the opposing team .,The coach smiled at the player who was thrown a frisbee by the opposing team.,,48,,,relativizer,tabor2004//e1_16/nonreduced_global,The coach smiled at the player who was thrown a frisbee by the opposing team.,none,,,,8,Who threw a frisbee?,An opposing team,"{""answer_options"": [""A coach"", ""A player"", ""An opposing team""], ""coherence"": ""global"", ""experiment"": ""exp1"", ""participle"": ""thrown"", ""reduced_rel"": ""nonreduced"", ""relativizer"": ""who was"", ""src_orc"": ""NA""}"
tabor2004,,e1_16,reduced_global,tabor2004//e1_16/reduced_global,The coach smiled at the player thrown a frisbee by the opposing team.,the coach smiled at the player thrown a frisbee by the opposing team .,The coach smiled at the player thrown a frisbee by the opposing team.,,49,,,relativizer,tabor2004//e1_16/nonreduced_global,The coach smiled at the player who was thrown a frisbee by the opposing team.,ins,ins,,who was,6,Who threw a frisbee?,An opposing team,"{""answer_options"": [""A coach"", ""A player"", ""An opposing team""], ""coherence"": ""global"", ""experiment"": ""exp1"", ""participle"": ""thrown"", ""reduced_rel"": ""reduced"", ""relativizer"": ""who was"", ""src_orc"": ""NA""}"
tabor2004,,e1_16,nonreduced_local,tabor2004//e1_16/nonreduced_local,The coach smiled at the player who was tossed a frisbee by the opposing team.,the coach smiled at the player who was tossed a frisbee by the opposing team .,The coach smiled at the player who was tossed a frisbee by the opposing team.,,50,,,relativizer,tabor2004//e1_16/nonreduced_local,The coach smiled at the player who was tossed a frisbee by the opposing team.,none,,,,8,Who tossed a frisbee?,An opposing team,"{""answer_options"": [""A coach"", ""A player"", ""An opposing team""], ""coherence"": ""local"", ""experiment"": ""exp1"", ""participle"": ""tossed"", ""reduced_rel"": ""nonreduced"", ""relativizer"": ""who was"", ""src_orc"": ""NA""}"
tabor2004,,e1_16,reduced_local,tabor2004//e1_16/reduced_local,The coach smiled at the player tossed a frisbee by the opposing team.,the coach smiled at the player tossed a frisbee by the opposing team .,The coach smiled at the player tossed a frisbee by the opposing team.,,51,,,relativizer,tabor2004//e1_16/nonreduced_local,The coach smiled at the player who was tossed a frisbee by the opposing team.,ins,ins,,who was,6,Who tossed a frisbee?,An opposing team,"{""answer_options"": [""A coach"", ""A player"", ""An opposing team""], ""coherence"": ""local"", ""experiment"": ""exp1"", ""participle"": ""tossed"", ""reduced_rel"": ""reduced"", ""relativizer"": ""who was"", ""src_orc"": ""NA""}"
tabor2004,,e1_17,nonreduced_global,tabor2004//e1_17/nonreduced_global,The anthropologist interviewed a woman who was woven a shawl by her mother.,the anthropologist interviewed a woman who was woven a shawl by her mother .,The anthropologist interviewed a woman who was woven a shawl by her mother.,,52,,,relativizer,tabor2004//e1_17/nonreduced_global,The anthropologist interviewed a woman who was woven a shawl by her mother.,none,,,,7,Who wove a shawl?,A woman's mother,"{""answer_options"": [""An anthropologist"", ""A woman"", ""A woman's mother""], ""coherence"": ""global"", ""experiment"": ""exp1"", ""participle"": ""woven"", ""reduced_rel"": ""nonreduced"", ""relativizer"": ""who was"", ""src_orc"": ""NA""}"
tabor2004,,e1_17,reduced_global,tabor2004//e1_17/reduced_global,The anthropologist interviewed a woman woven a shawl by her mother.,the anthropologist interviewed a woman woven a shawl by her mother .,The anthropologist interviewed a woman woven a shawl by her mother.,,53,,,relativizer,tabor2004//e1_17/nonreduced_global,The anthropologist interviewed a woman who was woven a shawl by her mother.,ins,ins,,who was,5,Who wove a shawl?,A woman's mother,"{""answer_options"": [""An anthropologist"", ""A woman"", ""A woman's mother""], ""coherence"": ""global"", ""experiment"": ""exp1"", ""participle"": ""woven"", ""reduced_rel"": ""reduced"", ""relativizer"": ""who was"", ""src_orc"": ""NA""}"
tabor2004,,e1_17,nonreduced_local,tabor2004//e1_17/nonreduced_local,The anthropologist interviewed a woman who was knitted a shawl by her mother.,the anthropologist interviewed a woman who was knitted a shawl by her mother .,The anthropologist interviewed a woman who was knitted a shawl by her mother.,,54,,,relativizer,tabor2004//e1_17/nonreduced_local,The anthropologist interviewed a woman who was knitted a shawl by her mother.,none,,,,7,Who knitted a shawl?,A woman's mother,"{""answer_options"": [""An anthropologist"", ""A woman"", ""A woman's mother""], ""coherence"": ""local"", ""experiment"": ""exp1"", ""participle"": ""knitted"", ""reduced_rel"": ""nonreduced"", ""relativizer"": ""who was"", ""src_orc"": ""NA""}"
tabor2004,,e1_17,reduced_local,tabor2004//e1_17/reduced_local,The anthropologist interviewed a woman knitted a shawl by her mother.,the anthropologist interviewed a woman knitted a shawl by her mother .,The anthropologist interviewed a woman knitted a shawl by her mother.,,55,,,relativizer,tabor2004//e1_17/nonreduced_local,The anthropologist interviewed a woman who was knitted a shawl by her mother.,ins,ins,,who was,5,Who knitted a shawl?,A woman's mother,"{""answer_options"": [""An anthropologist"", ""A woman"", ""A woman's mother""], ""coherence"": ""local"", ""experiment"": ""exp1"", ""participle"": ""knitted"", ""reduced_rel"": ""reduced"", ""relativizer"": ""who was"", ""src_orc"": ""NA""}"
tabor2004,,e1_18,nonreduced_global,tabor2004//e1_18/nonreduced_global,The FBI questioned a congressman who was written a letter by the activist.,the fbi questioned a congressman who was written a letter by the activist .,The FBI questioned a congressman who was written a letter by the activist.,,56,,,relativizer,tabor2004//e1_18/nonreduced_global,The FBI questioned a congressman who was written a letter by the activist.,none,,,,7,Who wrote a letter?,An activist,"{""answer_options"": [""The FBI"", ""A congressman"", ""An activist""], ""coherence"": ""global"", ""experiment"": ""exp1"", ""participle"": ""written"", ""reduced_rel"": ""nonreduced"", ""relativizer"": ""who was"", ""src_orc"": ""NA""}"
tabor2004,,e1_18,reduced_global,tabor2004//e1_18/reduced_global,The FBI questioned a congressman written a letter by the activist.,the fbi questioned a congressman written a letter by the activist .,The FBI questioned a congressman written a letter by the activist.,,57,,,relativizer,tabor2004//e1_18/nonreduced_global,The FBI questioned a congressman who was written a letter by the activist.,ins,ins,,who was,5,Who wrote a letter?,An activist,"{""answer_options"": [""The FBI"", ""A congressman"", ""An activist""], ""coherence"": ""global"", ""experiment"": ""exp1"", ""participle"": ""written"", ""reduced_rel"": ""reduced"", ""relativizer"": ""who was"", ""src_orc"": ""NA""}"
tabor2004,,e1_18,nonreduced_local,tabor2004//e1_18/nonreduced_local,The FBI questioned a congressman who was mailed a letter by the activist.,the fbi questioned a congressman who was mailed a letter by the activist .,The FBI questioned a congressman who was mailed a letter by the activist.,,58,,,relativizer,tabor2004//e1_18/nonreduced_local,The FBI questioned a congressman who was mailed a letter by the activist.,none,,,,7,Who mailed a letter?,An activist,"{""answer_options"": [""The FBI"", ""A congressman"", ""An activist""], ""coherence"": ""local"", ""experiment"": ""exp1"", ""participle"": ""mailed"", ""reduced_rel"": ""nonreduced"", ""relativizer"": ""who was"", ""src_orc"": ""NA""}"
tabor2004,,e1_18,reduced_local,tabor2004//e1_18/reduced_local,The FBI questioned a congressman mailed a letter by the activist.,the fbi questioned a congressman mailed a letter by the activist .,The FBI questioned a congressman mailed a letter by the activist.,,59,,,relativizer,tabor2004//e1_18/nonreduced_local,The FBI questioned a congressman who was mailed a letter by the activist.,ins,ins,,who was,5,Who mailed a letter?,An activist,"{""answer_options"": [""The FBI"", ""A congressman"", ""An activist""], ""coherence"": ""local"", ""experiment"": ""exp1"", ""participle"": ""mailed"", ""reduced_rel"": ""reduced"", ""relativizer"": ""who was"", ""src_orc"": ""NA""}"
tabor2004,,e1_19,nonreduced_global,tabor2004//e1_19/nonreduced_global,The deliveryman teased the accountant who was given a coupon by her boss.,the deliveryman teased the accountant who was given a coupon by her boss .,The deliveryman teased the accountant who was given a coupon by her boss.,,60,,,relativizer,tabor2004//e1_19/nonreduced_global,The deliveryman teased the accountant who was given a coupon by her boss.,none,,,,7,Who gave a coupon?,An accountant's boss,"{""answer_options"": [""A deliveryman"", ""An accountant"", ""An accountant's boss""], ""coherence"": ""global"", ""experiment"": ""exp1"", ""participle"": ""given"", ""reduced_rel"": ""nonreduced"", ""relativizer"": ""who was"", ""src_orc"": ""NA""}"
tabor2004,,e1_19,reduced_global,tabor2004//e1_19/reduced_global,The deliveryman teased the accountant given a coupon by her boss.,the deliveryman teased the accountant given a coupon by her boss .,The deliveryman teased the accountant given a coupon by her boss.,,61,,,relativizer,tabor2004//e1_19/nonreduced_global,The deliveryman teased the accountant who was given a coupon by her boss.,ins,ins,,who was,5,Who gave a coupon?,An accountant's boss,"{""answer_options"": [""A deliveryman"", ""An accountant"", ""An accountant's boss""], ""coherence"": ""global"", ""experiment"": ""exp1"", ""participle"": ""given"", ""reduced_rel"": ""reduced"", ""relativizer"": ""who was"", ""src_orc"": ""NA""}"
tabor2004,,e1_19,nonreduced_local,tabor2004//e1_19/nonreduced_local,The deliveryman teased the accountant who was saved a coupon by her boss.,the deliveryman teased the accountant who was saved a coupon by her boss .,The deliveryman teased the accountant who was saved a coupon by her boss.,,62,,,relativizer,tabor2004//e1_19/nonreduced_local,The deliveryman teased the accountant who was saved a coupon by her boss.,none,,,,7,Who saved a coupon?,An accountant's boss,"{""answer_options"": [""A deliveryman"", ""An accountant"", ""An accountant's boss""], ""coherence"": ""local"", ""experiment"": ""exp1"", ""participle"": ""saved"", ""reduced_rel"": ""nonreduced"", ""relativizer"": ""who was"", ""src_orc"": ""NA""}"
tabor2004,,e1_19,reduced_local,tabor2004//e1_19/reduced_local,The deliveryman teased the accountant saved a coupon by her boss.,the deliveryman teased the accountant saved a coupon by her boss .,The deliveryman teased the accountant saved a coupon by her boss.,,63,,,relativizer,tabor2004//e1_19/nonreduced_local,The deliveryman teased the accountant who was saved a coupon by her boss.,ins,ins,,who was,5,Who saved a coupon?,An accountant's boss,"{""answer_options"": [""A deliveryman"", ""An accountant"", ""An accountant's boss""], ""coherence"": ""local"", ""experiment"": ""exp1"", ""participle"": ""saved"", ""reduced_rel"": ""reduced"", ""relativizer"": ""who was"", ""src_orc"": ""NA""}"
tabor2004,,e2_1,nonreduced_global,tabor2004//e2_1/nonreduced_global,The man reminded us of the evidence that was examined the previous day by the lawyer.,the man reminded us of the evidence that was examined the previous day by the lawyer .,The man reminded us of the evidence that was examined the previous day by the lawyer.,,64,,,relativizer,tabor2004//e2_1/nonreduced_global,The man reminded us of the evidence that was examined the previous day by the lawyer.,none,,,,9,Who did the examining?,A lawyer,"{""answer_options"": [""A man"", ""Evidence"", ""A lawyer""], ""coherence"": ""global"", ""experiment"": ""exp2"", ""participle"": ""examined"", ""reduced_rel"": ""nonreduced"", ""relativizer"": ""that was"", ""src_orc"": ""NA""}"
tabor2004,,e2_1,reduced_global,tabor2004//e2_1/reduced_global,The man reminded us of the evidence examined the previous day by the lawyer.,the man reminded us of the evidence examined the previous day by the lawyer .,The man reminded us of the evidence examined the previous day by the lawyer.,,65,,,relativizer,tabor2004//e2_1/nonreduced_global,The man reminded us of the evidence that was examined the previous day by the lawyer.,ins,ins,,that was,7,Who did the examining?,A lawyer,"{""answer_options"": [""A man"", ""Evidence"", ""A lawyer""], ""coherence"": ""global"", ""experiment"": ""exp2"", ""participle"": ""examined"", ""reduced_rel"": ""reduced"", ""relativizer"": ""that was"", ""src_orc"": ""NA""}"
tabor2004,,e2_1,nonreduced_local,tabor2004//e2_1/nonreduced_local,The man reminded us of the defendant who was examined the previous day by the lawyer.,the man reminded us of the defendant who was examined the previous day by the lawyer .,The man reminded us of the defendant who was examined the previous day by the lawyer.,,66,,,relativizer,tabor2004//e2_1/nonreduced_local,The man reminded us of the defendant who was examined the previous day by the lawyer.,none,,,,9,Who did the examining?,A lawyer,"{""answer_options"": [""A man"", ""A defendant"", ""A lawyer""], ""coherence"": ""local"", ""experiment"": ""exp2"", ""participle"": ""examined"", ""reduced_rel"": ""nonreduced"", ""relativizer"": ""who was"", ""src_orc"": ""NA""}"
tabor2004,,e2_1,reduced_local,tabor2004//e2_1/reduced_local,The man reminded us of the defendant examined the previous day by the lawyer.,the man reminded us of the defendant examined the previous day by the lawyer .,The man reminded us of the defendant examined the previous day by the lawyer.,,67,,,relativizer,tabor2004//e2_1/nonreduced_local,The man reminded us of the defendant who was examined the previous day by the lawyer.,ins,ins,,who was,7,Who did the examining?,A lawyer,"{""answer_options"": [""A man"", ""A defendant"", ""A lawyer""], ""coherence"": ""local"", ""experiment"": ""exp2"", ""participle"": ""examined"", ""reduced_rel"": ""reduced"", ""relativizer"": ""who was"", ""src_orc"": ""NA""}"
tabor2004,,e2_2,nonreduced_global,tabor2004//e2_2/nonreduced_global,The bandit talked remorsefully of the gold that was transported the whole way by the guards.,the bandit talked remorsefully of the gold that was transported the whole way by the guards .,The bandit talked remorsefully of the gold that was transported the whole way by the guards.,,68,,,relativizer,tabor2004//e2_2/nonreduced_global,The bandit talked remorsefully of the gold that was transported the whole way by the guards.,none,,,,9,Who did the transporting?,Some guards,"{""answer_options"": [""A bandit"", ""Some gold"", ""Some guards""], ""coherence"": ""global"", ""experiment"": ""exp2"", ""participle"": ""transported"", ""reduced_rel"": ""nonreduced"", ""relativizer"": ""that was"", ""src_orc"": ""NA""}"
tabor2004,,e2_2,reduced_global,tabor2004//e2_2/reduced_global,The bandit talked remorsefully of the gold transported the whole way by the guards.,the bandit talked remorsefully of the gold transported the whole way by the guards .,The bandit talked remorsefully of the gold transported the whole way by the guards.,,69,,,relativizer,tabor2004//e2_2/nonreduced_global,The bandit talked remorsefully of the gold that was transported the whole way by the guards.,ins,ins,,that was,7,Who did the transporting?,Some guards,"{""answer_options"": [""A bandit"", ""Some gold"", ""Some guards""], ""coherence"": ""global"", ""experiment"": ""exp2"", ""participle"": ""transported"", ""reduced_rel"": ""reduced"", ""relativizer"": ""that was"", ""src_orc"": ""NA""}"
tabor2004,,e2_2,nonreduced_local,tabor2004//e2_2/nonreduced_local,The bandit talked remorsefully of the prisoner who was transported the whole way by the guards.,the bandit talked remorsefully of the prisoner who was transported the whole way by the guards .,The bandit talked remorsefully of the prisoner who was transported the whole way by the guards.,,70,,,relativizer,tabor2004//e2_2/nonreduced_local,The bandit talked remorsefully of the prisoner who was transported the whole way by the guards.,none,,,,9,Who did the transporting?,Some guards,"{""answer_options"": [""A bandit"", ""A prisoner"", ""Some guards""], ""coherence"": ""local"", ""experiment"": ""exp2"", ""participle"": ""transported"", ""reduced_rel"": ""nonreduced"", ""relativizer"": ""who was"", ""src_orc"": ""NA""}"
tabor2004,,e2_2,reduced_local,tabor2004//e2_2/reduced_local,The bandit talked remorsefully of the prisoner transported the whole way by the guards.,the bandit talked remorsefully of the prisoner transported the whole way by the guards .,The bandit talked remorsefully of the prisoner transported the whole way by the guards.,,71,,,relativizer,tabor2004//e2_2/nonreduced_local,The bandit talked remorsefully of the prisoner who was transported the whole way by the guards.,ins,ins,,who was,7,Who did the transporting?,Some guards,"{""answer_options"": [""A bandit"", ""A prisoner"", ""Some guards""], ""coherence"": ""local"", ""experiment"": ""exp2"", ""participle"": ""transported"", ""reduced_rel"": ""reduced"", ""relativizer"": ""who was"", ""src_orc"": ""NA""}"
tabor2004,,e2_4,nonreduced_global,tabor2004//e2_4/nonreduced_global,The foreman worried about the bricks that were lifted the whole way by the crane.,the foreman worried about the bricks that were lifted the whole way by the crane .,The foreman worried about the bricks that were lifted the whole way by the crane.,,72,,,relativizer,tabor2004//e2_4/nonreduced_global,The foreman worried about the bricks that were lifted the whole way by the crane.,none,,,,8,Who did the lifting?,A crane,"{""answer_options"": [""A foreman"", ""Some bricks"", ""A crane""], ""coherence"": ""global"", ""experiment"": ""exp2"", ""participle"": ""lifted"", ""reduced_rel"": ""nonreduced"", ""relativizer"": ""that were"", ""src_orc"": ""NA""}"
tabor2004,,e2_4,reduced_global,tabor2004//e2_4/reduced_global,The foreman worried about the bricks lifted the whole way by the crane.,the foreman worried about the bricks lifted the whole way by the crane .,The foreman worried about the bricks lifted the whole way by the crane.,,73,,,relativizer,tabor2004//e2_4/nonreduced_global,The foreman worried about the bricks that were lifted the whole way by the crane.,ins,ins,,that were,6,Who did the lifting?,A crane,"{""answer_options"": [""A foreman"", ""Some bricks"", ""A crane""], ""coherence"": ""global"", ""experiment"": ""exp2"", ""participle"": ""lifted"", ""reduced_rel"": ""reduced"", ""relativizer"": ""that were"", ""src_orc"": ""NA""}"
tabor2004,,e2_4,nonreduced_local,tabor2004//e2_4/nonreduced_local,The foreman worried about the workers who were lifted the whole way by the crane.,the foreman worried about the workers who were lifted the whole way by the crane .,The foreman worried about the workers who were lifted the whole way by the crane.,,74,,,relativizer,tabor2004//e2_4/nonreduced_local,The foreman worried about the workers who were lifted the whole way by the crane.,none,,,,8,Who did the lifting?,A crane,"{""answer_options"": [""A foreman"", ""Some workers"", ""A crane""], ""coherence"": ""local"", ""experiment"": ""exp2"", ""participle"": ""lifted"", ""reduced_rel"": ""nonreduced"", ""relativizer"": ""who were"", ""src_orc"": ""NA""}"
tabor2004,,e2_4,reduced_local,tabor2004//e2_4/reduced_local,The foreman worried about the workers lifted the whole way by the crane.,the foreman worried about the workers lifted the whole way by the crane .,The foreman worried about the workers lifted the whole way by the crane.,,75,,,relativizer,tabor2004//e2_4/nonreduced_local,The foreman worried about the workers who were lifted the whole way by the crane.,ins,ins,,who were,6,Who did the lifting?,A crane,"{""answer_options"": [""A foreman"", ""Some workers"", ""A crane""], ""coherence"": ""local"", ""experiment"": ""exp2"", ""participle"": ""lifted"", ""reduced_rel"": ""reduced"", ""relativizer"": ""who were"", ""src_orc"": ""NA""}"
tabor2004,,e2_6,nonreduced_global,tabor2004//e2_6/nonreduced_global,The master of ceremonies discussed the recipe that was selected the third time by the judges.,the master of ceremonies discussed the recipe that was selected the third time by the judges .,The master of ceremonies discussed the recipe that was selected the third time by the judges.,,76,,,relativizer,tabor2004//e2_6/nonreduced_global,The master of ceremonies discussed the recipe that was selected the third time by the judges.,none,,,,9,Who did the selecting?,Some judges,"{""answer_options"": [""A master of ceremonies"", ""A recipe"", ""Some judges""], ""coherence"": ""global"", ""experiment"": ""exp2"", ""participle"": ""selected"", ""reduced_rel"": ""nonreduced"", ""relativizer"": ""that was"", ""src_orc"": ""NA""}"
tabor2004,,e2_6,reduced_global,tabor2004//e2_6/reduced_global,The master of ceremonies discussed the recipe selected the third time by the judges.,the master of ceremonies discussed the recipe selected the third time by the judges .,The master of ceremonies discussed the recipe selected the third time by the judges.,,77,,,relativizer,tabor2004//e2_6/nonreduced_global,The master of ceremonies discussed the recipe that was selected the third time by the judges.,ins,ins,,that was,7,Who did the selecting?,Some judges,"{""answer_options"": [""A master of ceremonies"", ""A recipe"", ""Some judges""], ""coherence"": ""global"", ""experiment"": ""exp2"", ""participle"": ""selected"", ""reduced_rel"": ""reduced"", ""relativizer"": ""that was"", ""src_orc"": ""NA""}"
tabor2004,,e2_6,nonreduced_local,tabor2004//e2_6/nonreduced_local,The master of ceremonies discussed the contestant who was selected the third time by the judges.,the master of ceremonies discussed the contestant who was selected the third time by the judges .,The master of ceremonies discussed the contestant who was selected the third time by the judges.,,78,,,relativizer,tabor2004//e2_6/nonreduced_local,The master of ceremonies discussed the contestant who was selected the third time by the judges.,none,,,,9,Who did the selecting?,Some judges,"{""answer_options"": [""A master of ceremonies"", ""A contestant"", ""Some judges""], ""coherence"": ""local"", ""experiment"": ""exp2"", ""participle"": ""selected"", ""reduced_rel"": ""nonreduced"", ""relativizer"": ""who was"", ""src_orc"": ""NA""}"
tabor2004,,e2_6,reduced_local,tabor2004//e2_6/reduced_local,The master of ceremonies discussed the contestant selected the third time by the judges.,the master of ceremonies discussed the contestant selected the third time by the judges .,The master of ceremonies discussed the contestant selected the third time by the judges.,,79,,,relativizer,tabor2004//e2_6/nonreduced_local,The master of ceremonies discussed the contestant who was selected the third time by the judges.,ins,ins,,who was,7,Who did the selecting?,Some judges,"{""answer_options"": [""A master of ceremonies"", ""A contestant"", ""Some judges""], ""coherence"": ""local"", ""experiment"": ""exp2"", ""participle"": ""selected"", ""reduced_rel"": ""reduced"", ""relativizer"": ""who was"", ""src_orc"": ""NA""}"
tabor2004,,e2_7,nonreduced_global,tabor2004//e2_7/nonreduced_global,The doctor spoke highly of the equipment that was requested the second time by the hospital.,the doctor spoke highly of the equipment that was requested the second time by the hospital .,The doctor spoke highly of the equipment that was requested the second time by the hospital.,,80,,,relativizer,tabor2004//e2_7/nonreduced_global,The doctor spoke highly of the equipment that was requested the second time by the hospital.,none,,,,9,Who did the requesting?,A hospital,"{""answer_options"": [""A doctor"", ""Some equipment"", ""A hospital""], ""coherence"": ""global"", ""experiment"": ""exp2"", ""participle"": ""requested"", ""reduced_rel"": ""nonreduced"", ""relativizer"": ""that was"", ""src_orc"": ""NA""}"
tabor2004,,e2_7,reduced_global,tabor2004//e2_7/reduced_global,The doctor spoke highly of the equipment requested the second time by the hospital.,the doctor spoke highly of the equipment requested the second time by the hospital .,The doctor spoke highly of the equipment requested the second time by the hospital.,,81,,,relativizer,tabor2004//e2_7/nonreduced_global,The doctor spoke highly of the equipment that was requested the second time by the hospital.,ins,ins,,that was,7,Who did the requesting?,A hospital,"{""answer_options"": [""A doctor"", ""Some equipment"", ""A hospital""], ""coherence"": ""global"", ""experiment"": ""exp2"", ""participle"": ""requested"", ""reduced_rel"": ""reduced"", ""relativizer"": ""that was"", ""src_orc"": ""NA""}"
tabor2004,,e2_7,nonreduced_local,tabor2004//e2_7/nonreduced_local,The doctor spoke highly of the specialist who was requested the second time by the hospital.,the doctor spoke highly of the specialist who was requested the second time by the hospital .,The doctor spoke highly of the specialist who was requested the second time by the hospital.,,82,,,relativizer,tabor2004//e2_7/nonreduced_local,The doctor spoke highly of the specialist who was requested the second time by the hospital.,none,,,,9,Who did the requesting?,A hospital,"{""answer_options"": [""A doctor"", ""A specialist"", ""A hospital""], ""coherence"": ""local"", ""experiment"": ""exp2"", ""participle"": ""requested"", ""reduced_rel"": ""nonreduced"", ""relativizer"": ""who was"", ""src_orc"": ""NA""}"
tabor2004,,e2_7,reduced_local,tabor2004//e2_7/reduced_local,The doctor spoke highly of the specialist requested the second time by the hospital.,the doctor spoke highly of the specialist requested the second time by the hospital .,The doctor spoke highly of the specialist requested the second time by the hospital.,,83,,,relativizer,tabor2004//e2_7/nonreduced_local,The doctor spoke highly of the specialist who was requested the second time by the hospital.,ins,ins,,who was,7,Who did the requesting?,A hospital,"{""answer_options"": [""A doctor"", ""A specialist"", ""A hospital""], ""coherence"": ""local"", ""experiment"": ""exp2"", ""participle"": ""requested"", ""reduced_rel"": ""reduced"", ""relativizer"": ""who was"", ""src_orc"": ""NA""}"
tabor2004,,e2_8,nonreduced_global,tabor2004//e2_8/nonreduced_global,The police took pictures of the jewelry that was identified the first night by the victim.,the police took pictures of the jewelry that was identified the first night by the victim .,The police took pictures of the jewelry that was identified the first night by the victim.,,84,,,relativizer,tabor2004//e2_8/nonreduced_global,The police took pictures of the jewelry that was identified the first night by the victim.,none,,,,9,Who did the identifying?,A victim,"{""answer_options"": [""The police"", ""Some jewelry"", ""A victim""], ""coherence"": ""global"", ""experiment"": ""exp2"", ""participle"": ""identified"", ""reduced_rel"": ""nonreduced"", ""relativizer"": ""that was"", ""src_orc"": ""NA""}"
tabor2004,,e2_8,reduced_global,tabor2004//e2_8/reduced_global,The police took pictures of the jewelry identified the first night by the victim.,the police took pictures of the jewelry identified the first night by the victim .,The police took pictures of the jewelry identified the first night by the victim.,,85,,,relativizer,tabor2004//e2_8/nonreduced_global,The police took pictures of the jewelry that was identified the first night by the victim.,ins,ins,,that was,7,Who did the identifying?,A victim,"{""answer_options"": [""The police"", ""Some jewelry"", ""A victim""], ""coherence"": ""global"", ""experiment"": ""exp2"", ""participle"": ""identified"", ""reduced_rel"": ""reduced"", ""relativizer"": ""that was"", ""src_orc"": ""NA""}"
tabor2004,,e2_8,nonreduced_local,tabor2004//e2_8/nonreduced_local,The police took pictures of the thief who was identified the first night by the victim.,the police took pictures of the thief who was identified the first night by the victim .,The police took pictures of the thief who was identified the first night by the victim.,,86,,,relativizer,tabor2004//e2_8/nonreduced_local,The police took pictures of the thief who was identified the first night by the victim.,none,,,,9,Who did the identifying?,A victim,"{""answer_options"": [""The police"", ""A thief"", ""A victim""], ""coherence"": ""local"", ""experiment"": ""exp2"", ""participle"": ""identified"", ""reduced_rel"": ""nonreduced"", ""relativizer"": ""who was"", ""src_orc"": ""NA""}"
tabor2004,,e2_8,reduced_local,tabor2004//e2_8/reduced_local,The police took pictures of the thief identified the first night by the victim.,the police took pictures of the thief identified the first night by the victim .,The police took pictures of the thief identified the first night by the victim.,,87,,,relativizer,tabor2004//e2_8/nonreduced_local,The police took pictures of the thief who was identified the first night by the victim.,ins,ins,,who was,7,Who did the identifying?,A victim,"{""answer_options"": [""The police"", ""A thief"", ""A victim""], ""coherence"": ""local"", ""experiment"": ""exp2"", ""participle"": ""identified"", ""reduced_rel"": ""reduced"", ""relativizer"": ""who was"", ""src_orc"": ""NA""}"
tabor2004,,e2_9,nonreduced_global,tabor2004//e2_9/nonreduced_global,The general thought about the valley that was captured the previous day by the troops.,the general thought about the valley that was captured the previous day by the troops .,The general thought about the valley that was captured the previous day by the troops.,,88,,,relativizer,tabor2004//e2_9/nonreduced_global,The general thought about the valley that was captured the previous day by the troops.,none,,,,8,Who did the capturing?,Some troops,"{""answer_options"": [""A general"", ""A valley"", ""Some troops""], ""coherence"": ""global"", ""experiment"": ""exp2"", ""participle"": ""captured"", ""reduced_rel"": ""nonreduced"", ""relativizer"": ""that was"", ""src_orc"": ""NA""}"
tabor2004,,e2_9,reduced_global,tabor2004//e2_9/reduced_global,The general thought about the valley captured the previous day by the troops.,the general thought about the valley captured the previous day by the troops .,The general thought about the valley captured the previous day by the troops.,,89,,,relativizer,tabor2004//e2_9/nonreduced_global,The general thought about the valley that was captured the previous day by the troops.,ins,ins,,that was,6,Who did the capturing?,Some troops,"{""answer_options"": [""A general"", ""A valley"", ""Some troops""], ""coherence"": ""global"", ""experiment"": ""exp2"", ""participle"": ""captured"", ""reduced_rel"": ""reduced"", ""relativizer"": ""that was"", ""src_orc"": ""NA""}"
tabor2004,,e2_9,nonreduced_local,tabor2004//e2_9/nonreduced_local,The general thought about the soldier who was captured the previous day by the troops.,the general thought about the soldier who was captured the previous day by the troops .,The general thought about the soldier who was captured the previous day by the troops.,,90,,,relativizer,tabor2004//e2_9/nonreduced_local,The general thought about the soldier who was captured the previous day by the troops.,none,,,,8,Who did the capturing?,Some troops,"{""answer_options"": [""A general"", ""A soldier"", ""Some troops""], ""coherence"": ""local"", ""experiment"": ""exp2"", ""participle"": ""captured"", ""reduced_rel"": ""nonreduced"", ""relativizer"": ""who was"", ""src_orc"": ""NA""}"
tabor2004,,e2_9,reduced_local,tabor2004//e2_9/reduced_local,The general thought about the soldier captured the previous day by the troops.,the general thought about the soldier captured the previous day by the troops .,The general thought about the soldier captured the previous day by the troops.,,91,,,relativizer,tabor2004//e2_9/nonreduced_local,The general thought about the soldier who was captured the previous day by the troops.,ins,ins,,who was,6,Who did the capturing?,Some troops,"{""answer_options"": [""A general"", ""A soldier"", ""Some troops""], ""coherence"": ""local"", ""experiment"": ""exp2"", ""participle"": ""captured"", ""reduced_rel"": ""reduced"", ""relativizer"": ""who was"", ""src_orc"": ""NA""}"
tabor2004,,e2_10,nonreduced_global,tabor2004//e2_10/nonreduced_global,The governor sent reinforcements to the power plant that was attacked the previous week by the terrorists.,the governor sent reinforcements to the power plant that was attacked the previous week by the terrorists .,The governor sent reinforcements to the power plant that was attacked the previous week by the terrorists.,,92,,,relativizer,tabor2004//e2_10/nonreduced_global,The governor sent reinforcements to the power plant that was attacked the previous week by the terrorists.,none,,,,10,Who did the attacking?,Some terrorists,"{""answer_options"": [""A governor"", ""A power plant"", ""Some terrorists""], ""coherence"": ""global"", ""experiment"": ""exp2"", ""participle"": ""attacked"", ""reduced_rel"": ""nonreduced"", ""relativizer"": ""that was"", ""src_orc"": ""NA""}"
tabor2004,,e2_10,reduced_global,tabor2004//e2_10/reduced_global,The governor sent reinforcements to the power plant attacked the previous week by the terrorists.,the governor sent reinforcements to the power plant attacked the previous week by the terrorists .,The governor sent reinforcements to the power plant attacked the previous week by the terrorists.,,93,,,relativizer,tabor2004//e2_10/nonreduced_global,The governor sent reinforcements to the power plant that was attacked the previous week by the terrorists.,ins,ins,,that was,8,Who did the attacking?,Some terrorists,"{""answer_options"": [""A governor"", ""A power plant"", ""Some terrorists""], ""coherence"": ""global"", ""experiment"": ""exp2"", ""participle"": ""attacked"", ""reduced_rel"": ""reduced"", ""relativizer"": ""that was"", ""src_orc"": ""NA""}"
tabor2004,,e2_10,nonreduced_local,tabor2004//e2_10/nonreduced_local,The governor sent reinforcements to the troops who were attacked the previous week by the terrorists.,the governor sent reinforcements to the troops who were attacked the previous week by the terrorists .,The governor sent reinforcements to the troops who were attacked the previous week by the terrorists.,,94,,,relativizer,tabor2004//e2_10/nonreduced_local,The governor sent reinforcements to the troops who were attacked the previous week by the terrorists.,none,,,,9,Who did the attacking?,Some terrorists,"{""answer_options"": [""A governor"", ""Some troops"", ""Some terrorists""], ""coherence"": ""local"", ""experiment"": ""exp2"", ""participle"": ""attacked"", ""reduced_rel"": ""nonreduced"", ""relativizer"": ""who were"", ""src_orc"": ""NA""}"
tabor2004,,e2_10,reduced_local,tabor2004//e2_10/reduced_local,The governor sent reinforcements to the troops attacked the previous week by the terrorists.,the governor sent reinforcements to the troops attacked the previous week by the terrorists .,The governor sent reinforcements to the troops attacked the previous week by the terrorists.,,95,,,relativizer,tabor2004//e2_10/nonreduced_local,The governor sent reinforcements to the troops who were attacked the previous week by the terrorists.,ins,ins,,who were,7,Who did the attacking?,Some terrorists,"{""answer_options"": [""A governor"", ""Some troops"", ""Some terrorists""], ""coherence"": ""local"", ""experiment"": ""exp2"", ""participle"": ""attacked"", ""reduced_rel"": ""reduced"", ""relativizer"": ""who were"", ""src_orc"": ""NA""}"
tabor2004,,e2_11,nonreduced_global,tabor2004//e2_11/nonreduced_global,The curator criticized the painting that was studied the previous term by the students.,the curator criticized the painting that was studied the previous term by the students .,The curator criticized the painting that was studied the previous term by the students.,,96,,,relativizer,tabor2004//e2_11/nonreduced_global,The curator criticized the painting that was studied the previous term by the students.,none,,,,7,Who did the studying?,Some students,"{""answer_options"": [""A curator"", ""A painting"", ""Some students""], ""coherence"": ""global"", ""experiment"": ""exp2"", ""participle"": ""studied"", ""reduced_rel"": ""nonreduced"", ""relativizer"": ""that was"", ""src_orc"": ""NA""}"
tabor2004,,e2_11,reduced_global,tabor2004//e2_11/reduced_global,The curator criticized the painting studied the previous term by the students.,the curator criticized the painting studied the previous term by the students .,The curator criticized the painting studied the previous term by the students.,,97,,,relativizer,tabor2004//e2_11/nonreduced_global,The curator criticized the painting that was studied the previous term by the students.,ins,ins,,that was,5,Who did the studying?,Some students,"{""answer_options"": [""A curator"", ""A painting"", ""Some students""], ""coherence"": ""global"", ""experiment"": ""exp2"", ""participle"": ""studied"", ""reduced_rel"": ""reduced"", ""relativizer"": ""that was"", ""src_orc"": ""NA""}"
tabor2004,,e2_11,nonreduced_local,tabor2004//e2_11/nonreduced_local,The curator criticized the artist who was studied the previous term by the students.,the curator criticized the artist who was studied the previous term by the students .,The curator criticized the artist who was studied the previous term by the students.,,98,,,relativizer,tabor2004//e2_11/nonreduced_local,The curator criticized the artist who was studied the previous term by the students.,none,,,,7,Who did the studying?,Some students,"{""answer_options"": [""A curator"", ""An artist"", ""Some students""], ""coherence"": ""local"", ""experiment"": ""exp2"", ""participle"": ""studied"", ""reduced_rel"": ""nonreduced"", ""relativizer"": ""who was"", ""src_orc"": ""NA""}"
tabor2004,,e2_11,reduced_local,tabor2004//e2_11/reduced_local,The curator criticized the artist studied the previous term by the students.,the curator criticized the artist studied the previous term by the students .,The curator criticized the artist studied the previous term by the students.,,99,,,relativizer,tabor2004//e2_11/nonreduced_local,The curator criticized the artist who was studied the previous term by the students.,ins,ins,,who was,5,Who did the studying?,Some students,"{""answer_options"": [""A curator"", ""An artist"", ""Some students""], ""coherence"": ""local"", ""experiment"": ""exp2"", ""participle"": ""studied"", ""reduced_rel"": ""reduced"", ""relativizer"": ""who was"", ""src_orc"": ""NA""}"
tabor2004,,e2_12,nonreduced_global,tabor2004//e2_12/nonreduced_global,The governess identified the necklace that was described the first time by the lady.,the governess identified the necklace that was described the first time by the lady .,The governess identified the necklace that was described the first time by the lady.,,100,,,relativizer,tabor2004//e2_12/nonreduced_global,The governess identified the necklace that was described the first time by the lady.,none,,,,7,Who did the describing?,A lady,"{""answer_options"": [""A governess"", ""A necklace"", ""A lady""], ""coherence"": ""global"", ""experiment"": ""exp2"", ""participle"": ""described"", ""reduced_rel"": ""nonreduced"", ""relativizer"": ""that was"", ""src_orc"": ""NA""}"
tabor2004,,e2_12,reduced_global,tabor2004//e2_12/reduced_global,The governess identified the necklace described the first time by the lady.,the governess identified the necklace described the first time by the lady .,The governess identified the necklace described the first time by the lady.,,101,,,relativizer,tabor2004//e2_12/nonreduced_global,The governess identified the necklace that was described the first time by the lady.,ins,ins,,that was,5,Who did the describing?,A lady,"{""answer_options"": [""A governess"", ""A necklace"", ""A lady""], ""coherence"": ""global"", ""experiment"": ""exp2"", ""participle"": ""described"", ""reduced_rel"": ""reduced"", ""relativizer"": ""that was"", ""src_orc"": ""NA""}"
tabor2004,,e2_12,nonreduced_local,tabor2004//e2_12/nonreduced_local,The governess identified the boy who was described the first time by the lady.,the governess identified the boy who was described the first time by the lady .,The governess identified the boy who was described the first time by the lady.,,102,,,relativizer,tabor2004//e2_12/nonreduced_local,The governess identified the boy who was described the first time by the lady.,none,,,,7,Who did the describing?,A lady,"{""answer_options"": [""A governess"", ""A boy"", ""A lady""], ""coherence"": ""local"", ""experiment"": ""exp2"", ""participle"": ""described"", ""reduced_rel"": ""nonreduced"", ""relativizer"": ""who was"", ""src_orc"": ""NA""}"
tabor2004,,e2_12,reduced_local,tabor2004//e2_12/reduced_local,The governess identified the boy described the first time by the lady.,the governess identified the boy described the first time by the lady .,The governess identified the boy described the first time by the lady.,,103,,,relativizer,tabor2004//e2_12/nonreduced_local,The governess identified the boy who was described the first time by the lady.,ins,ins,,who was,5,Who did the describing?,A lady,"{""answer_options"": [""A governess"", ""A boy"", ""A lady""], ""coherence"": ""local"", ""experiment"": ""exp2"", ""participle"": ""described"", ""reduced_rel"": ""reduced"", ""relativizer"": ""who was"", ""src_orc"": ""NA""}"
tabor2004,,e2_14,nonreduced_global,tabor2004//e2_14/nonreduced_global,The children were worried about the sofa that was scratched the first day by the cat.,the children were worried about the sofa that was scratched the first day by the cat .,The children were worried about the sofa that was scratched the first day by the cat.,,104,,,relativizer,tabor2004//e2_14/nonreduced_global,The children were worried about the sofa that was scratched the first day by the cat.,none,,,,9,Who did the scratching?,A cat,"{""answer_options"": [""Some children"", ""A sofa"", ""A cat""], ""coherence"": ""global"", ""experiment"": ""exp2"", ""participle"": ""scratched"", ""reduced_rel"": ""nonreduced"", ""relativizer"": ""that was"", ""src_orc"": ""NA""}"
tabor2004,,e2_14,reduced_global,tabor2004//e2_14/reduced_global,The children were worried about the sofa scratched the first day by the cat.,the children were worried about the sofa scratched the first day by the cat .,The children were worried about the sofa scratched the first day by the cat.,,105,,,relativizer,tabor2004//e2_14/nonreduced_global,The children were worried about the sofa that was scratched the first day by the cat.,ins,ins,,that was,7,Who did the scratching?,A cat,"{""answer_options"": [""Some children"", ""A sofa"", ""A cat""], ""coherence"": ""global"", ""experiment"": ""exp2"", ""participle"": ""scratched"", ""reduced_rel"": ""reduced"", ""relativizer"": ""that was"", ""src_orc"": ""NA""}"
tabor2004,,e2_14,nonreduced_local,tabor2004//e2_14/nonreduced_local,The children were worried about the woman who was scratched the first day by the cat.,the children were worried about the woman who was scratched the first day by the cat .,The children were worried about the woman who was scratched the first day by the cat.,,106,,,relativizer,tabor2004//e2_14/nonreduced_local,The children were worried about the woman who was scratched the first day by the cat.,none,,,,9,Who did the scratching?,A cat,"{""answer_options"": [""Some children"", ""A sofa"", ""A cat""], ""coherence"": ""local"", ""experiment"": ""exp2"", ""participle"": ""scratched"", ""reduced_rel"": ""nonreduced"", ""relativizer"": ""who was"", ""src_orc"": ""NA""}"
tabor2004,,e2_14,reduced_local,tabor2004//e2_14/reduced_local,The children were worried about the woman scratched the first day by the cat.,the children were worried about the woman scratched the first day by the cat .,The children were worried about the woman scratched the first day by the cat.,,107,,,relativizer,tabor2004//e2_14/nonreduced_local,The children were worried about the woman who was scratched the first day by the cat.,ins,ins,,who was,7,Who did the scratching?,A cat,"{""answer_options"": [""Some children"", ""A woman"", ""A cat""], ""coherence"": ""local"", ""experiment"": ""exp2"", ""participle"": ""scratched"", ""reduced_rel"": ""reduced"", ""relativizer"": ""who was"", ""src_orc"": ""NA""}"
tabor2004,,e2_15,nonreduced_global,tabor2004//e2_15/nonreduced_global,The agent photographed the van that was recognized the previous day by the spy.,the agent photographed the van that was recognized the previous day by the spy .,The agent photographed the van that was recognized the previous day by the spy.,,108,,,relativizer,tabor2004//e2_15/nonreduced_global,The agent photographed the van that was recognized the previous day by the spy.,none,,,,7,Who did the recognizing?,A spy,"{""answer_options"": [""An agent"", ""A van"", ""A spy""], ""coherence"": ""global"", ""experiment"": ""exp2"", ""participle"": ""recognized"", ""reduced_rel"": ""nonreduced"", ""relativizer"": ""that was"", ""src_orc"": ""NA""}"
tabor2004,,e2_15,reduced_global,tabor2004//e2_15/reduced_global,The agent photographed the van recognized the previous day by the spy.,the agent photographed the van recognized the previous day by the spy .,The agent photographed the van recognized the previous day by the spy.,,109,,,relativizer,tabor2004//e2_15/nonreduced_global,The agent photographed the van that was recognized the previous day by the spy.,ins,ins,,that was,5,Who did the recognizing?,A spy,"{""answer_options"": [""An agent"", ""A van"", ""A spy""], ""coherence"": ""global"", ""experiment"": ""exp2"", ""participle"": ""recognized"", ""reduced_rel"": ""reduced"", ""relativizer"": ""that was"", ""src_orc"": ""NA""}"
tabor2004,,e2_15,nonreduced_local,tabor2004//e2_15/nonreduced_local,The agent photographed the man who was recognized the previous day by the spy.,the agent photographed the man who was recognized the previous day by the spy .,The agent photographed the man who was recognized the previous day by the spy.,,110,,,relativizer,tabor2004//e2_15/nonreduced_local,The agent photographed the man who was recognized the previous day by the spy.,none,,,,7,Who did the recognizing?,A spy,"{""answer_options"": [""An agent"", ""A man"", ""A spy""], ""coherence"": ""local"", ""experiment"": ""exp2"", ""participle"": ""recognized"", ""reduced_rel"": ""nonreduced"", ""relativizer"": ""who was"", ""src_orc"": ""NA""}"
tabor2004,,e2_15,reduced_local,tabor2004//e2_15/reduced_local,The agent photographed the man recognized the previous day by the spy.,the agent photographed the man recognized the previous day by the spy .,The agent photographed the man recognized the previous day by the spy.,,111,,,relativizer,tabor2004//e2_15/nonreduced_local,The agent photographed the man who was recognized the previous day by the spy.,ins,ins,,who was,5,Who did the recognizing?,A spy,"{""answer_options"": [""An agent"", ""A man"", ""A spy""], ""coherence"": ""local"", ""experiment"": ""exp2"", ""participle"": ""recognized"", ""reduced_rel"": ""reduced"", ""relativizer"": ""who was"", ""src_orc"": ""NA""}"
tabor2004,,e2_16,nonreduced_global,tabor2004//e2_16/nonreduced_global,The manager was concerned about the account that was observed the previous month by the agents.,the manager was concerned about the account that was observed the previous month by the agents .,The manager was concerned about the account that was observed the previous month by the agents.,,112,,,relativizer,tabor2004//e2_16/nonreduced_global,The manager was concerned about the account that was observed the previous month by the agents.,none,,,,9,Who did the observing?,An agent,"{""answer_options"": [""A manager"", ""An account"", ""An agent""], ""coherence"": ""global"", ""experiment"": ""exp2"", ""participle"": ""observed"", ""reduced_rel"": ""nonreduced"", ""relativizer"": ""that was"", ""src_orc"": ""NA""}"
tabor2004,,e2_16,reduced_global,tabor2004//e2_16/reduced_global,The manager was concerned about the account observed the previous month by the agents.,the manager was concerned about the account observed the previous month by the agents .,The manager was concerned about the account observed the previous month by the agents.,,113,,,relativizer,tabor2004//e2_16/nonreduced_global,The manager was concerned about the account that was observed the previous month by the agents.,ins,ins,,that was,7,Who did the observing?,An agent,"{""answer_options"": [""A manager"", ""An account"", ""An agent""], ""coherence"": ""global"", ""experiment"": ""exp2"", ""participle"": ""observed"", ""reduced_rel"": ""reduced"", ""relativizer"": ""that was"", ""src_orc"": ""NA""}"
tabor2004,,e2_16,nonreduced_local,tabor2004//e2_16/nonreduced_local,The manager was concerned about the client who was observed the previous month by the agents.,the manager was concerned about the client who was observed the previous month by the agents .,The manager was concerned about the client who was observed the previous month by the agents.,,114,,,relativizer,tabor2004//e2_16/nonreduced_local,The manager was concerned about the client who was observed the previous month by the agents.,none,,,,9,Who did the observing?,An agent,"{""answer_options"": [""A manager"", ""A client"", ""An agent""], ""coherence"": ""local"", ""experiment"": ""exp2"", ""participle"": ""observed"", ""reduced_rel"": ""nonreduced"", ""relativizer"": ""who was"", ""src_orc"": ""NA""}"
tabor2004,,e2_16,reduced_local,tabor2004//e2_16/reduced_local,The manager was concerned about the client observed the previous month by the agents.,the manager was concerned about the client observed the previous month by the agents .,The manager was concerned about the client observed the previous month by the agents.,,115,,,relativizer,tabor2004//e2_16/nonreduced_local,The manager was concerned about the client who was observed the previous month by the agents.,ins,ins,,who was,7,Who did the observing?,An agent,"{""answer_options"": [""A manager"", ""A client"", ""An agent""], ""coherence"": ""local"", ""experiment"": ""exp2"", ""participle"": ""observed"", ""reduced_rel"": ""reduced"", ""relativizer"": ""who was"", ""src_orc"": ""NA""}"
tabor2004,,e2_17,nonreduced_global,tabor2004//e2_17/nonreduced_global,The activist admired the solution that was proposed the first time by the group.,the activist admired the solution that was proposed the first time by the group .,The activist admired the solution that was proposed the first time by the group.,,116,,,relativizer,tabor2004//e2_17/nonreduced_global,The activist admired the solution that was proposed the first time by the group.,none,,,,7,Who did the proposing?,A group,"{""answer_options"": [""An activist"", ""A solution"", ""A group""], ""coherence"": ""global"", ""experiment"": ""exp2"", ""participle"": ""proposed"", ""reduced_rel"": ""nonreduced"", ""relativizer"": ""that was"", ""src_orc"": ""NA""}"
tabor2004,,e2_17,reduced_global,tabor2004//e2_17/reduced_global,The activist admired the solution proposed the first time by the group.,the activist admired the solution proposed the first time by the group .,The activist admired the solution proposed the first time by the group.,,117,,,relativizer,tabor2004//e2_17/nonreduced_global,The activist admired the solution that was proposed the first time by the group.,ins,ins,,that was,5,Who did the proposing?,A group,"{""answer_options"": [""An activist"", ""A solution"", ""A group""], ""coherence"": ""global"", ""experiment"": ""exp2"", ""participle"": ""proposed"", ""reduced_rel"": ""reduced"", ""relativizer"": ""that was"", ""src_orc"": ""NA""}"
tabor2004,,e2_17,nonreduced_local,tabor2004//e2_17/nonreduced_local,The activist admired the speaker who was proposed the first time by the group.,the activist admired the speaker who was proposed the first time by the group .,The activist admired the speaker who was proposed the first time by the group.,,118,,,relativizer,tabor2004//e2_17/nonreduced_local,The activist admired the speaker who was proposed the first time by the group.,none,,,,7,Who did the proposing?,A group,"{""answer_options"": [""An activist"", ""A speaker"", ""A group""], ""coherence"": ""local"", ""experiment"": ""exp2"", ""participle"": ""proposed"", ""reduced_rel"": ""nonreduced"", ""relativizer"": ""who was"", ""src_orc"": ""NA""}"
tabor2004,,e2_17,reduced_local,tabor2004//e2_17/reduced_local,The activist admired the speaker proposed the first time by the group.,the activist admired the speaker proposed the first time by the group .,The activist admired the speaker proposed the first time by the group.,,119,,,relativizer,tabor2004//e2_17/nonreduced_local,The activist admired the speaker who was proposed the first time by the group.,ins,ins,,who was,5,Who did the proposing?,A group,"{""answer_options"": [""An activist"", ""A speaker"", ""A group""], ""coherence"": ""local"", ""experiment"": ""exp2"", ""participle"": ""proposed"", ""reduced_rel"": ""reduced"", ""relativizer"": ""who was"", ""src_orc"": ""NA""}"
tabor2004,,e2_18,nonreduced_global,tabor2004//e2_18/nonreduced_global,The congresswoman was referring to the package that was sent the first time by the governor.,the congresswoman was referring to the package that was sent the first time by the governor .,The congresswoman was referring to the package that was sent the first time by the governor.,,120,,,relativizer,tabor2004//e2_18/nonreduced_global,The congresswoman was referring to the package that was sent the first time by the governor.,none,,,,9,Who did the sending?,A governor,"{""answer_options"": [""A congresswoman"", ""A package"", ""A governor""], ""coherence"": ""global"", ""experiment"": ""exp2"", ""participle"": ""sent"", ""reduced_rel"": ""nonreduced"", ""relativizer"": ""that was"", ""src_orc"": ""NA""}"
tabor2004,,e2_18,reduced_global,tabor2004//e2_18/reduced_global,The congresswoman was referring to the package sent the first time by the governor.,the congresswoman was referring to the package sent the first time by the governor .,The congresswoman was referring to the package sent the first time by the governor.,,121,,,relativizer,tabor2004//e2_18/nonreduced_global,The congresswoman was referring to the package that was sent the first time by the governor.,ins,ins,,that was,7,Who did the sending?,A governor,"{""answer_options"": [""A congresswoman"", ""A package"", ""A governor""], ""coherence"": ""global"", ""experiment"": ""exp2"", ""participle"": ""sent"", ""reduced_rel"": ""reduced"", ""relativizer"": ""that was"", ""src_orc"": ""NA""}"
tabor2004,,e2_18,nonreduced_local,tabor2004//e2_18/nonreduced_local,The congresswoman was referring to the lawyer who was sent the first time by the governor.,the congresswoman was referring to the lawyer who was sent the first time by the governor .,The congresswoman was referring to the lawyer who was sent the first time by the governor.,,122,,,relativizer,tabor2004//e2_18/nonreduced_local,The congresswoman was referring to the lawyer who was sent the first time by the governor.,none,,,,9,Who did the sending?,A governor,"{""answer_options"": [""A congresswoman"", ""A lawyer"", ""A governor""], ""coherence"": ""local"", ""experiment"": ""exp2"", ""participle"": ""sent"", ""reduced_rel"": ""nonreduced"", ""relativizer"": ""who was"", ""src_orc"": ""NA""}"
tabor2004,,e2_18,reduced_local,tabor2004//e2_18/reduced_local,The congresswoman was referring to the lawyer sent the first time by the governor.,the congresswoman was referring to the lawyer sent the first time by the governor .,The congresswoman was referring to the lawyer sent the first time by the governor.,,123,,,relativizer,tabor2004//e2_18/nonreduced_local,The congresswoman was referring to the lawyer who was sent the first time by the governor.,ins,ins,,who was,7,Who did the sending?,A governor,"{""answer_options"": [""A congresswoman"", ""A lawyer"", ""A governor""], ""coherence"": ""local"", ""experiment"": ""exp2"", ""participle"": ""sent"", ""reduced_rel"": ""reduced"", ""relativizer"": ""who was"", ""src_orc"": ""NA""}"
tabor2004,,e2_19,nonreduced_global,tabor2004//e2_19/nonreduced_global,The board was concerned about the awards that were accepted the first year by the school.,the board was concerned about the awards that were accepted the first year by the school .,The board was concerned about the awards that were accepted the first year by the school.,,124,,,relativizer,tabor2004//e2_19/nonreduced_global,The board was concerned about the awards that were accepted the first year by the school.,none,,,,9,Who did the accepting?,A school,"{""answer_options"": [""A board"", ""Some awards"", ""A school""], ""coherence"": ""global"", ""experiment"": ""exp2"", ""participle"": ""accepted"", ""reduced_rel"": ""nonreduced"", ""relativizer"": ""that were"", ""src_orc"": ""NA""}"
tabor2004,,e2_19,reduced_global,tabor2004//e2_19/reduced_global,The board was concerned about the awards accepted the first year by the school.,the board was concerned about the awards accepted the first year by the school .,The board was concerned about the awards accepted the first year by the school.,,125,,,relativizer,tabor2004//e2_19/nonreduced_global,The board was concerned about the awards that were accepted the first year by the school.,ins,ins,,that were,7,Who did the accepting?,A school,"{""answer_options"": [""A board"", ""Some awards"", ""A school""], ""coherence"": ""global"", ""experiment"": ""exp2"", ""participle"": ""accepted"", ""reduced_rel"": ""reduced"", ""relativizer"": ""that were"", ""src_orc"": ""NA""}"
tabor2004,,e2_19,nonreduced_local,tabor2004//e2_19/nonreduced_local,The board was concerned about the students who were accepted the first year by the school.,the board was concerned about the students who were accepted the first year by the school .,The board was concerned about the students who were accepted the first year by the school.,,126,,,relativizer,tabor2004//e2_19/nonreduced_local,The board was concerned about the students who were accepted the first year by the school.,none,,,,9,Who did the accepting?,A school,"{""answer_options"": [""A board"", ""Some students"", ""A school""], ""coherence"": ""local"", ""experiment"": ""exp2"", ""participle"": ""accepted"", ""reduced_rel"": ""nonreduced"", ""relativizer"": ""who were"", ""src_orc"": ""NA""}"
tabor2004,,e2_19,reduced_local,tabor2004//e2_19/reduced_local,The board was concerned about the students accepted the first year by the school.,the board was concerned about the students accepted the first year by the school .,The board was concerned about the students accepted the first year by the school.,,127,,,relativizer,tabor2004//e2_19/nonreduced_local,The board was concerned about the students who were accepted the first year by the school.,ins,ins,,who were,7,Who did the accepting?,A school,"{""answer_options"": [""A board"", ""Some students"", ""A school""], ""coherence"": ""local"", ""experiment"": ""exp2"", ""participle"": ""accepted"", ""reduced_rel"": ""reduced"", ""relativizer"": ""who were"", ""src_orc"": ""NA""}"
